Simulation Year,Total Annual Loss ($ billions)
1,78.27474533102126
2,151.4985632246726
3,102.44417340748802
4,254.0892653328375
5,84.57106859479094
6,185.26737935863048
7,88.35076772546137
8,132.62498980620182
9,141.38411379651802
10,147.3459054669479
11,318.2301315062149
12,116.08733949384526
13,164.1999795667527
14,90.33755529196341
15,260.95760766822946
16,193.17069492125194
17,77.25886339367125
18,204.00317264128068
19,121.4732707071955
20,190.94690066051626
21,86.1287401281084
22,116.58499469220276
23,340.07828064388804
24,102.3422067333493
25,175.37373681406763
26,215.9881665133322
27,132.75207260359005
28,187.40177801978052
29,174.43698352998894
30,100.4497892694649
31,76.98653115371268
32,115.42423609252668
33,160.64359275270954
34,155.45424931403954
35,67.67057714335049
36,218.61966407735628
37,184.65387526820123
38,53.76991688109787
39,225.37951706603752
40,112.87291375778716
41,168.37107512446
42,381.88137497035706
43,288.3655413885459
44,196.7142180075168
45,76.80671689809014
46,133.79345416559042
47,112.01663083507987
48,142.78726297845688
49,172.41252179007392
50,117.49717915140282
51,269.0601097493926
52,102.87666599197742
53,78.91159398568445
54,195.2170628548376
55,163.38528579447913
56,159.7802575363077
57,199.77395745954394
58,210.58503722995988
59,113.22870581066309
60,117.61333651861415
61,132.07410675651832
62,143.06358014482328
63,152.67542050019145
64,214.6453117530503
65,141.33090449780698
66,112.15681414101789
67,102.55354021687839
68,107.17197729422148
69,261.2476073500885
70,116.03844874145284
71,83.56178393197983
72,80.42171739234732
73,93.19861752611945
74,156.84754824019308
75,96.22807267571596
76,130.95723203698515
77,212.63205868341055
78,119.63334387993913
79,115.47283570099219
80,337.3112258313307
81,108.42696758522766
82,114.25003546122336
83,71.63031076763335
84,181.23541118626684
85,230.92717585721743
86,171.47557521991263
87,154.81972060530597
88,189.52404000601493
89,130.9449063314388
90,198.7044421022067
91,92.20053040281888
92,281.67292043285283
93,114.27469826848991
94,87.33119350964954
95,169.79802199962862
96,74.67249776685833
97,122.72417138304665
98,84.25015023978139
99,101.62810246897263
100,87.03720664911259
101,98.25125841336771
102,211.15689522126516
103,138.95208914807924
104,197.2211902255578
105,115.7990755333758
106,95.93528828369415
107,144.34794053302863
108,95.84576476232067
109,185.50263093126642
110,165.99678806627904
111,89.12331682349563
112,114.54306587193554
113,212.93223389185528
114,141.93928425705585
115,89.24460136337586
116,262.38874133442124
117,303.471846975482
118,149.00138498463528
119,87.21061528404375
120,98.60760528250847
121,249.97102543116623
122,197.805142587362
123,140.69338647720585
124,178.92184556052672
125,73.65103863638888
126,163.21335067890266
127,77.26295011278873
128,161.98408170838292
129,108.03758190700185
130,139.68573122783448
131,135.12345693455757
132,125.11633923386084
133,125.15576194689308
134,101.57841809273745
135,128.4805384900261
136,120.81811293253915
137,119.52757078233904
138,176.4111692704123
139,111.46807919015187
140,135.08289657207013
141,80.90521130732989
142,113.72861545211654
143,123.8334381150619
144,90.65445481405229
145,83.38968649269185
146,128.6567152298598
147,85.03813930966803
148,137.75866573906072
149,183.5539796451718
150,160.5345202754022
151,105.23588317827117
152,72.70839659084494
153,227.05705095565608
154,88.12175229931435
155,101.33770796103535
156,193.33501354012944
157,135.4588678598729
158,102.34535688827818
159,63.860454638633556
160,117.5089216103332
161,179.95799970629474
162,122.99605106881256
163,280.4720372743875
164,139.65680787036385
165,156.3566903984048
166,114.06873940337692
167,165.99249609548565
168,103.92186900358999
169,124.32338855483516
170,126.1279403191893
171,213.53754134265574
172,112.61535806337383
173,96.98539250591756
174,231.67983170610154
175,81.06585321989961
176,211.15913229301316
177,158.31347892759032
178,277.59520571236317
179,120.50032027257457
180,103.59846305598458
181,126.63009450664936
182,183.4415163517405
183,96.84056489158016
184,162.0051266369463
185,129.94416704867302
186,87.98492531988427
187,152.31954754342388
188,134.15295431034224
189,72.91253787045301
190,104.05664446526858
191,304.21045373681596
192,199.03177291097046
193,209.6911752344779
194,82.68671802287882
195,181.90876274984313
196,103.98279032643
197,68.0648886452203
198,77.81458755827141
199,293.4503470242477
200,171.0834881525958
201,182.38105610711727
202,149.741301856546
203,86.06510790899024
204,88.55627759872914
205,184.62967888812636
206,71.19710041134539
207,154.87128007180053
208,147.1203929647991
209,165.0357422452653
210,202.49499269651307
211,187.29062901528167
212,92.08596951227273
213,113.59902367708727
214,101.6365496541076
215,107.26408999722545
216,120.74798385232795
217,164.3899907242153
218,161.60159365461055
219,126.9962467295482
220,89.47765264721178
221,324.30175966990515
222,194.78256053236038
223,81.08298033429
224,145.31373930919727
225,106.70600830369042
226,120.37379230242941
227,108.76001393611637
228,318.84884608406463
229,69.07011724818764
230,111.98888824181846
231,113.66471685124705
232,136.8172437923581
233,168.35017858033672
234,142.9220706955266
235,211.79754689405047
236,125.31907456843567
237,121.05049240187506
238,159.4988429572295
239,74.41217533083923
240,167.5989232976668
241,167.52251127380873
242,125.78776132524501
243,70.4927497169254
244,224.64228427395096
245,127.27078715448924
246,84.6037206909812
247,69.70012621418674
248,202.18817750244435
249,91.43941362461757
250,101.22162220344335
251,170.72532310576634
252,174.65665125898545
253,104.04071976663803
254,135.08757405086124
255,198.8240185075792
256,106.02923052180826
257,116.79992177356813
258,78.6167730939645
259,107.27018767530342
260,93.75860161657795
261,111.96652689069344
262,153.79293612275
263,212.0718251241554
264,179.55531321407946
265,125.78959450033936
266,176.19554877445597
267,217.03300412559298
268,205.85072513712691
269,132.63954311258826
270,220.08509776912643
271,113.41045451406171
272,223.0810866429675
273,151.39653442168088
274,151.16272566479876
275,126.13138089044777
276,151.05718114278176
277,121.01832592520158
278,159.5611133168893
279,59.644260611263896
280,157.8937816412177
281,108.41094045405562
282,160.82482008486505
283,99.05323471830232
284,115.11482235002202
285,190.86218027615809
286,116.40240022120027
287,103.95256582189876
288,154.4873955876464
289,130.23612815217513
290,143.50590457315616
291,133.88485068649078
292,256.64837001403964
293,106.82670487278362
294,121.70177936165916
295,97.12165323724246
296,119.8419514616698
297,164.72936722468933
298,101.62974643513836
299,174.20457320118183
300,186.99643763923166
301,181.0390060170654
302,166.49695373915313
303,100.14119286141003
304,88.8176944766615
305,110.30231381823226
306,79.74237464970781
307,118.38909685127405
308,230.1656832117053
309,107.63141385303209
310,140.23386184948606
311,80.64800883853798
312,119.22190999894035
313,89.5552718660478
314,180.98140093601188
315,153.9875755786718
316,158.49987930516303
317,85.39326906078223
318,150.62871939284648
319,107.20227062671316
320,318.72870066880216
321,96.61759257344687
322,124.93691514589244
323,73.88010102392388
324,196.0701089682155
325,142.94536104017575
326,146.20708523610745
327,145.87005389798466
328,116.5074170106681
329,114.6669209636826
330,129.3914025553502
331,83.69686252060997
332,147.7819415705773
333,239.14102036912706
334,96.20462186108604
335,164.56091102066458
336,96.25548318339216
337,162.492526508754
338,109.56631780858001
339,73.39079282010738
340,99.338314361924
341,171.13384890691256
342,87.25493314221484
343,214.97877222251597
344,111.9124957301961
345,105.37216388892483
346,95.36873771730947
347,150.68281854854212
348,163.96128818741076
349,179.53125163042614
350,184.75783936526864
351,115.21937085240633
352,128.28172684523022
353,148.71565078641476
354,125.27725551210483
355,147.86545322120838
356,87.60966449119366
357,123.28263899420463
358,133.87982813304228
359,88.2818022409162
360,126.67303300768587
361,105.16353820329051
362,81.88803090835577
363,76.98221916713301
364,297.45292766005844
365,113.49804678421638
366,138.51292706322434
367,118.96140545844574
368,88.38381951931527
369,85.65253406621613
370,130.3793899642099
371,106.14365303584896
372,77.96978114175906
373,102.69690344922181
374,153.81437869742746
375,109.63306369728545
376,124.03784748290337
377,102.9368249010221
378,189.61473339326727
379,311.23132849068696
380,85.27737612435243
381,268.3467700220255
382,199.79833299085612
383,100.21651531677435
384,185.96668607335175
385,111.50564192270001
386,89.53170246651844
387,134.09966451632238
388,79.91927188736962
389,164.41900491934905
390,73.83514438702409
391,196.8686087009292
392,95.11613026543628
393,136.2941760825347
394,118.2046117383229
395,107.47245235774986
396,75.7363017154886
397,97.93346774837738
398,121.74868895999704
399,88.02144419414353
400,117.82416467233634
401,140.56903499407954
402,193.34422470973598
403,116.20771903414573
404,227.30006297106473
405,205.71584470932692
406,206.04311484471623
407,141.28285082382058
408,107.38853526379496
409,106.22584680809052
410,71.09527957786196
411,108.31642554542353
412,129.7897926028337
413,116.4801979790943
414,111.33868935963818
415,109.68860799020624
416,240.53834840905537
417,185.4856977998283
418,128.8335928310301
419,172.69803093161335
420,156.30035580353547
421,88.85135327245705
422,111.18590425778079
423,121.5661979965906
424,200.26821455379365
425,90.48772069931438
426,113.93318777664457
427,181.46807310962868
428,157.43543470457053
429,139.42265492345967
430,192.8994729272495
431,115.05044140571637
432,95.33975358739036
433,138.6754960165311
434,194.67194315063955
435,151.52367696351428
436,99.63526944577438
437,130.53654105882072
438,194.56250679891224
439,91.30398058135557
440,69.9503867718786
441,114.99311384838282
442,53.08332904969772
443,167.4224703879631
444,178.9152251004719
445,73.35261936017525
446,102.13768830167068
447,203.56198375247158
448,183.20791753987456
449,148.8639786763647
450,87.4675665601236
451,152.749699208891
452,145.58674424824812
453,76.68570083861607
454,122.5032725380632
455,124.65797782789224
456,101.83821658183612
457,66.07060187486928
458,175.96170961537948
459,196.6298545971518
460,189.89133043620697
461,99.05200182809128
462,91.97856246994303
463,179.06598023271738
464,114.54491731526984
465,108.17470898905194
466,101.19448903191046
467,87.45719158484482
468,176.84566600068837
469,103.39441708405647
470,74.04714279113213
471,162.59429323723936
472,218.13350430333986
473,100.19348057131708
474,104.44274599475557
475,164.02932702124696
476,183.339256413733
477,133.54096553240868
478,225.86332583365026
479,162.9684342836049
480,202.40078917955478
481,123.16133646547615
482,70.2533369863318
483,126.55827572572677
484,139.4335367683912
485,165.47743631339898
486,84.25777831352309
487,228.28498949911034
488,125.24752885960802
489,122.34845510868732
490,104.70441242608726
491,263.38438685293727
492,145.8257020461818
493,97.47541270650822
494,217.97960019300592
495,113.14490724446232
496,72.41262399269094
497,116.93155511368141
498,96.36481275939434
499,92.05374996089907
500,62.86154566757431
501,126.13722241893004
502,170.00953359521796
503,78.83739180762328
504,137.51564971582786
505,102.52059921118283
506,127.66974461904218
507,107.79500139497233
508,285.51950996162725
509,202.251777790122
510,113.59923521616338
511,83.95580801815703
512,78.661573814906
513,172.45866171361837
514,111.74737197946752
515,61.21007224230245
516,128.28570766082177
517,85.9195063814833
518,206.46782018513215
519,83.10698177914652
520,52.65157832775145
521,103.36332936986658
522,237.6011387254476
523,117.30617486797561
524,104.82102531605685
525,214.42017163072228
526,95.1822044180956
527,85.71577937400393
528,140.453097283467
529,190.77961092368383
530,98.71089019881117
531,110.4288327446456
532,262.1849763552029
533,117.81789467537865
534,57.32336677050548
535,175.50043849182438
536,298.9268440400066
537,171.8549206367868
538,158.878561283819
539,223.38161217970756
540,213.23334546279693
541,117.81402692234099
542,115.97669906049506
543,138.41937912300384
544,93.70877591134501
545,155.4562614073452
546,131.2373977310432
547,169.3586004330794
548,111.62919746627783
549,319.63171437132894
550,125.07977271550429
551,128.19882856317855
552,137.57190705086578
553,61.690972824655894
554,105.03492901260293
555,144.64439206375275
556,214.02432755785884
557,134.88059134166178
558,107.5923706237669
559,213.06438170618998
560,117.02013088563034
561,80.52998158234315
562,101.75637214598126
563,85.02022220237728
564,105.34380742074899
565,123.03974420630323
566,168.5124953004946
567,190.19709188429925
568,118.93841588476005
569,65.1070925671938
570,185.0177952757918
571,209.44918394326203
572,106.12846306627142
573,128.16880309355295
574,121.06053707927137
575,96.16241943721619
576,94.06857666099637
577,212.99548890903935
578,119.59395635626662
579,183.11951608457235
580,169.17463149063406
581,112.4135512148554
582,247.23271044058862
583,64.47525449143015
584,127.80533731721512
585,99.77552663267458
586,138.7218356546885
587,100.5843008127687
588,80.08913307141657
589,289.57517982280115
590,323.0004823862072
591,92.42075931191198
592,286.5981243908263
593,72.65640000748088
594,299.6533413984022
595,91.30905246705359
596,104.49824075187587
597,163.55760855814333
598,124.90363240416079
599,124.91822735422306
600,147.66006599343626
601,217.69524377108132
602,222.1492651484562
603,100.38385286517993
604,102.48510488291146
605,143.92088963803408
606,59.500131477275374
607,231.79501176526853
608,160.93831186726075
609,208.3410534296955
610,170.96345896166247
611,68.52504383513826
612,179.12418011050715
613,137.33340195417037
614,114.32864437684749
615,95.87033583998844
616,82.78988318071734
617,109.8512490542912
618,191.49851030278393
619,144.60368687014724
620,118.21243501266034
621,299.184641361851
622,100.06629240791179
623,138.47290905822103
624,92.49871732821362
625,71.41239324247066
626,250.50797370954396
627,154.68966533761122
628,104.08976547554107
629,128.50848682615583
630,112.93837357747739
631,180.87105496510674
632,156.97501040928302
633,104.40973376969353
634,114.5348696649415
635,301.6861506917241
636,102.59256749702462
637,128.333491817357
638,179.88765219411476
639,97.99537116509218
640,71.31481910898692
641,62.609462722351815
642,108.56754583881411
643,85.07885998560269
644,153.82169864327602
645,148.72178077387443
646,154.62563530897455
647,100.66055542723657
648,156.54888254822805
649,174.4238706387965
650,109.55898758639509
651,87.5853649637196
652,114.62765066603627
653,174.70104302112222
654,90.54743278668225
655,70.64382170071801
656,97.14293893282533
657,138.64948815796052
658,178.3561901531337
659,182.3793530479341
660,157.42406593060605
661,124.10012314912763
662,129.440548229623
663,383.3468053416789
664,181.87255987696687
665,111.09536233923669
666,202.17297651425469
667,115.40540327089582
668,128.9113308496772
669,98.82812932479794
670,103.50605867322179
671,105.84256212345942
672,136.3674582837537
673,140.00452098060788
674,102.75223467739636
675,234.7935030624259
676,131.28166238386336
677,81.16842089797444
678,94.82852873044516
679,101.0386746409958
680,243.65265245729566
681,179.882581192998
682,143.06172778885843
683,117.18612933466956
684,122.65140118183714
685,118.6134457681766
686,67.15380325409424
687,139.12549941551086
688,133.15771024104856
689,82.98000175703312
690,210.0672908301695
691,222.23225307680553
692,139.7591043259509
693,68.90393664564947
694,132.4268210359122
695,116.39834222134832
696,78.2444896994844
697,124.92894266407353
698,100.23154147911514
699,176.46670726905182
700,190.1355396660191
701,168.20802641278382
702,86.17632068273487
703,93.7523770889579
704,229.88108428702657
705,89.00386193974339
706,58.23308464200667
707,102.02653522639434
708,112.6927900067435
709,90.38531999766928
710,162.802571123122
711,124.29174053418078
712,249.24723500599492
713,128.1804602804293
714,65.72829565166575
715,103.18040941054936
716,150.8893671073473
717,112.870827377085
718,112.07389273392494
719,95.72755858660867
720,98.6335835960391
721,69.53816056892768
722,226.08074023322467
723,120.50490824428776
724,85.14592268232335
725,247.02105056373972
726,104.30300020534287
727,149.9425721073327
728,81.89350718289043
729,129.62604488221655
730,63.50742031573732
731,90.0890746230979
732,86.6868038936583
733,155.58639231467998
734,73.7587883870626
735,91.98455586359557
736,252.34917127676707
737,182.68476923865836
738,146.0380365142949
739,293.91637296836313
740,214.9735282520042
741,116.6305734063973
742,95.57663569618373
743,125.39313918763112
744,76.42267463701931
745,134.38254264690656
746,270.1535049346652
747,164.22122232443627
748,202.33211557181767
749,134.05128203957298
750,162.495604328792
751,83.2777762983159
752,96.87729846743746
753,131.8411038286762
754,146.9104819679521
755,99.66913379708379
756,321.9378406252064
757,213.9651319535179
758,228.28056256073916
759,97.4167967961284
760,108.46376727144214
761,189.48969908048065
762,133.14089719984042
763,72.87315782447723
764,404.7267985274393
765,96.773007554863
766,144.43490345809658
767,185.88984760330072
768,122.07842663337462
769,98.19837303685992
770,210.42391441287026
771,167.18709518160824
772,122.06305530379701
773,83.00460505878249
774,101.4214317832861
775,87.71813229012788
776,132.17421321788612
777,146.4567839240167
778,107.40742756563495
779,99.6241741249795
780,261.77090043445514
781,103.18384840719948
782,101.02258586345464
783,73.07540697639035
784,78.03985833620743
785,180.6009997336199
786,194.64732219050615
787,196.9324483492554
788,134.62211786778772
789,165.9472275718171
790,148.33767029394022
791,132.6504975369121
792,115.46949142279507
793,159.07047207354518
794,167.38441705759175
795,246.67500142487393
796,149.07809956868786
797,269.44522985893616
798,92.2229721522572
799,110.50418220278523
800,94.52340490166534
801,111.26848160295646
802,81.61134485910686
803,152.89021249994897
804,99.79175554493054
805,233.21618971792017
806,166.3686529064854
807,153.14743439690068
808,97.17209469947653
809,130.96233195702018
810,157.05760051809395
811,111.50219552813732
812,92.06002063283222
813,129.5709195241643
814,91.75676799870794
815,201.84637264280343
816,126.02326826547755
817,112.72992218822537
818,106.30701868250677
819,106.36985015308863
820,133.13620260554205
821,298.27453484819006
822,109.81188352304225
823,224.66898023290636
824,141.21264463910893
825,115.76164233435318
826,120.78060079129213
827,153.67553159754124
828,201.66497418752596
829,163.12124362920366
830,100.99809184004158
831,192.19792919194504
832,88.5072103407943
833,218.19292046202688
834,99.73506268702951
835,216.28905197088093
836,99.4042476361696
837,91.61614875268612
838,235.82467410209676
839,175.7974364045541
840,157.70074553163798
841,127.61331177170729
842,150.36830097040502
843,137.20640694112143
844,138.82042501411297
845,178.84936034874096
846,179.6159112708026
847,84.4364951023675
848,101.59391833131654
849,128.2532234182111
850,112.18067056211743
851,169.4822516123363
852,85.13253418354972
853,96.34698544551085
854,118.00226662266758
855,73.0226088323233
856,169.23993517230403
857,108.4880973813614
858,143.39702960173634
859,150.13329019618865
860,100.82421337530883
861,129.19823383808398
862,150.4131755039928
863,159.76655466725737
864,112.9372647221036
865,241.16090189228902
866,75.89000966752702
867,216.9729597254795
868,108.84496924501731
869,136.51545598696447
870,166.97419530415777
871,70.39438461789717
872,168.67323822498892
873,207.10020173508238
874,68.93148369099826
875,84.2900707459901
876,231.5793645067792
877,104.28660476271591
878,192.82788832871927
879,92.50526390635031
880,113.80135027644218
881,87.73688986886617
882,93.97844880842055
883,153.26651659497782
884,127.02674644052686
885,51.62193347563367
886,122.38601244881565
887,161.46166939819022
888,82.18440505030392
889,103.664150689764
890,156.70560160133954
891,134.644339273756
892,120.41681998233582
893,150.59152999199654
894,123.82282586074061
895,113.40259386355031
896,94.73455025170998
897,60.965581012147354
898,81.04475773371426
899,121.14647495359785
900,177.0462033301335
901,153.11089863713994
902,116.92370504527179
903,139.9753211423527
904,303.10549770500336
905,136.96654148822847
906,85.25204084861937
907,103.99073095574977
908,99.51720649047276
909,96.97613201057683
910,78.83037233864465
911,82.65562649501058
912,211.3366290444311
913,80.380530907462
914,211.72353919684974
915,139.49416582116467
916,84.44143762245885
917,217.1828404362587
918,90.62745355410262
919,223.6804735363655
920,88.48842563800488
921,85.20510579984278
922,105.91844029221232
923,216.23816296293754
924,153.97548329387791
925,97.9122978949134
926,140.31460014452466
927,99.63037786825078
928,155.42196196578368
929,175.04675294249415
930,127.05989804594442
931,97.48198364124833
932,83.50870414189696
933,85.21921851292757
934,117.66849957716296
935,102.42770133778528
936,67.43572717446958
937,204.54908900108703
938,160.02913197098542
939,96.79087647738453
940,146.01235821485696
941,220.06740284551688
942,90.7649140950316
943,128.22521792871808
944,96.04302485894212
945,202.6351519919147
946,83.40314988280149
947,190.89795032159523
948,155.0945700846899
949,208.93795085011618
950,130.79095698088446
951,132.40437723474878
952,128.19930855702128
953,105.76559408176362
954,104.1125031186088
955,141.42917624737728
956,155.21815829496535
957,159.75301860703905
958,108.69992256647066
959,107.82328406224971
960,101.44058259735107
961,175.21731753667854
962,124.57071239486271
963,128.77608573944542
964,93.05278889835867
965,145.7349805662813
966,104.97364969954927
967,210.08732632058963
968,99.26477940392044
969,166.7248440669534
970,131.68913097947313
971,127.9842716808091
972,130.51611072652594
973,61.54885887606889
974,77.57931019876526
975,158.19346055994504
976,67.06552150461073
977,106.2560973280325
978,167.16226575153922
979,79.77175343177285
980,108.6550103669508
981,180.71871724953476
982,84.84833104674878
983,100.41062591183832
984,82.48675569585136
985,98.62241809142974
986,113.285753976019
987,114.67067333883165
988,119.23151169486917
989,171.80679459313788
990,92.68188461897967
991,142.62860712853958
992,109.63797270620532
993,245.4636948375885
994,185.8648487677357
995,241.83458027935222
996,198.84935043301775
997,81.49178137607609
998,133.18409005431207
999,64.54953542059405
1000,172.57092412112763
1001,107.1734951308914
1002,158.76734691055452
1003,89.40487512651373
1004,187.0373390447081
1005,161.08630558176077
1006,104.15751964849368
1007,184.50217692560136
1008,100.20768271816439
1009,95.20241166488563
1010,377.3580139864041
1011,123.77303047699897
1012,94.61767380028432
1013,92.33591067413755
1014,84.83780526105046
1015,80.08550126435117
1016,143.54281521989918
1017,308.89757816250557
1018,206.94433304857162
1019,205.40964305822104
1020,213.76137589892608
1021,122.93824906739682
1022,163.63363136381838
1023,254.33075559342828
1024,81.56594566998793
1025,253.61787958329722
1026,149.3400745414294
1027,140.0401039129328
1028,121.57880877410868
1029,92.89626009074235
1030,168.7300096815013
1031,113.29562926210156
1032,295.3339234343824
1033,108.31966464410839
1034,100.28894982832439
1035,240.21700929459288
1036,82.59111628842857
1037,164.36209679229836
1038,125.27025284712582
1039,128.90307106937368
1040,79.27651439882968
1041,77.38119424404321
1042,89.83773143654463
1043,81.90385718375062
1044,181.06898948713552
1045,171.61165742629635
1046,93.51966326297418
1047,97.44080749124056
1048,178.09298738695986
1049,88.02532744592745
1050,265.2696039347087
1051,137.74392538328252
1052,109.53732170844613
1053,170.18867652646347
1054,75.23527395302501
1055,162.833648210534
1056,93.3794743167313
1057,159.00896052530322
1058,96.5897966657237
1059,125.52518514144855
1060,64.13022987371363
1061,127.8181841087217
1062,170.0027411986179
1063,187.6002612540158
1064,102.75722696677404
1065,100.41392881020045
1066,99.20921686850625
1067,95.61804099526498
1068,91.50500060009026
1069,72.96740500433651
1070,109.19623258986752
1071,131.8659041404345
1072,93.39479029804437
1073,133.57336918641093
1074,128.09986731783835
1075,98.23524835464943
1076,131.95853078708592
1077,191.8117527884936
1078,139.91728173936332
1079,187.2531475224879
1080,107.49777543267263
1081,102.73142504088028
1082,267.8177216773074
1083,91.7456041567915
1084,153.50951132280497
1085,61.47073201901633
1086,239.65261273342867
1087,63.051035129290206
1088,110.49251061734456
1089,161.4531672200804
1090,179.79674991017217
1091,184.03416295457885
1092,147.10632692033306
1093,192.93136731062873
1094,90.17409896878395
1095,127.3649467619891
1096,223.31911227974462
1097,260.2718744976528
1098,312.72575575597773
1099,106.5879686163052
1100,181.97201807394964
1101,103.44870170508706
1102,89.75384059794499
1103,213.35999248957978
1104,98.82803708883634
1105,86.39198594806626
1106,185.56968987427464
1107,88.17914103800115
1108,217.8908940330918
1109,81.23964730617614
1110,77.78738644182565
1111,105.76167021865002
1112,58.53302013903634
1113,282.7113069694136
1114,120.76164855879836
1115,194.00815014682877
1116,147.359834292089
1117,94.29920311767654
1118,138.74019572659458
1119,95.57445640296132
1120,198.27498942412717
1121,173.53634211710022
1122,177.2047560013192
1123,85.77764351032197
1124,124.9693703874276
1125,90.86882133544631
1126,171.16441752465164
1127,131.86097167340526
1128,81.80610856269367
1129,104.83822079048052
1130,80.65441890926623
1131,92.70334436920983
1132,112.19991199693007
1133,142.01435376329454
1134,94.51096491614044
1135,75.02852111712609
1136,110.05586148877033
1137,197.06754281925197
1138,127.44624567963885
1139,236.85245863661422
1140,238.70174975341763
1141,126.78910508784884
1142,181.2001115419851
1143,102.07678248571132
1144,98.96444208150973
1145,129.4529524605154
1146,143.5223542026102
1147,133.8680525694114
1148,129.49307065666113
1149,198.36756183117484
1150,76.30946556134988
1151,74.88713861570056
1152,114.38248868046063
1153,111.81404267607803
1154,94.99023916488866
1155,119.43107010873592
1156,123.23817249583156
1157,110.10205764854676
1158,269.192796561863
1159,78.48800417485805
1160,96.55713200503112
1161,105.74414908635552
1162,112.78011097676293
1163,158.0671396302084
1164,88.77746398906568
1165,219.28718702712982
1166,129.0746726458185
1167,109.25949583724623
1168,108.94266655168454
1169,141.37068123132934
1170,86.39827300733532
1171,186.12493377672126
1172,170.31593692101842
1173,54.340760344278266
1174,101.45185957728364
1175,82.55574928988179
1176,98.77406680680465
1177,176.8360819007209
1178,207.36396418496838
1179,176.53799912032093
1180,85.72716267120335
1181,192.49228091059842
1182,74.26990566662273
1183,98.85484599480293
1184,81.88534327650878
1185,86.34730556374541
1186,119.30508298362733
1187,156.3255062308773
1188,85.35483449558434
1189,166.48148438161385
1190,207.84985555077185
1191,75.76281804188079
1192,111.85452599049246
1193,73.48910538623517
1194,143.64473373830157
1195,98.06317678748388
1196,79.10699560458919
1197,164.57712421806264
1198,110.08814068653146
1199,99.05976967233579
1200,91.02766410725411
1201,112.30474051173277
1202,167.0682916479139
1203,118.49637569678953
1204,90.91802116687077
1205,61.59360383990953
1206,207.866696306692
1207,94.70509642807917
1208,111.86531588004884
1209,65.05870818635753
1210,138.43745017980058
1211,182.68498109057896
1212,350.18758174391075
1213,104.51794103890724
1214,107.17605331572406
1215,87.89852461129448
1216,163.75619325097801
1217,126.60327784508206
1218,107.50292353123679
1219,150.84390175254626
1220,172.22023952451207
1221,72.76980122926228
1222,72.01780037070523
1223,157.6486547721263
1224,78.9314279687814
1225,146.6594559454059
1226,69.11288571075355
1227,72.6393306286624
1228,154.85166616740798
1229,137.52266849374905
1230,131.39505938729894
1231,86.00533563719196
1232,142.00411685551217
1233,318.4132697121037
1234,261.67383005355185
1235,246.6103324608485
1236,89.33987014284094
1237,113.12143145416323
1238,295.0997353736128
1239,101.1208127675025
1240,84.66120155543871
1241,103.22374762196517
1242,79.08990507889736
1243,255.34781941087311
1244,254.24346444535232
1245,122.96050803363376
1246,185.47524457459667
1247,68.38142848530607
1248,201.91808680479863
1249,160.19107251854865
1250,82.36610485124848
1251,108.2063738106441
1252,94.88539666252191
1253,115.93948993648083
1254,303.1680557840259
1255,164.0743322802968
1256,96.75035558466988
1257,179.66358823746484
1258,57.704693243227425
1259,109.45630599421652
1260,75.72230309261029
1261,104.20235529580725
1262,144.69600538068033
1263,111.33368763720826
1264,97.17878097636564
1265,106.71820595354414
1266,187.05384384399105
1267,129.82089354309386
1268,96.09281407057091
1269,183.6260693613869
1270,143.45603868008754
1271,105.85553873743693
1272,180.9835004834157
1273,89.27126510881601
1274,126.9401056867701
1275,113.42260879514257
1276,299.6799786026176
1277,78.67077342205368
1278,110.88248896566547
1279,220.68986360990894
1280,150.63163026661658
1281,102.38729583526208
1282,111.14576631694646
1283,143.098995051789
1284,139.34800611738765
1285,73.14579234696306
1286,102.68723855758273
1287,157.10780191802087
1288,104.69602350106237
1289,332.2348054640471
1290,174.26757929144998
1291,101.80158836950264
1292,105.73065730890598
1293,137.01654935737815
1294,81.0737738484413
1295,112.70858667415698
1296,100.7641829864381
1297,187.53777279300027
1298,142.01928313609568
1299,114.39784473019618
1300,150.2100129381875
1301,95.70357348430073
1302,245.98836517114052
1303,109.98933399631309
1304,239.28101865779462
1305,166.17494432114836
1306,313.9094006607405
1307,121.77444105523546
1308,168.7221637737182
1309,249.0053608158196
1310,178.67940072006652
1311,250.53499332673965
1312,133.5176207936134
1313,126.17637321766597
1314,239.26834224733648
1315,111.02885238898699
1316,151.49628579261991
1317,214.69729713697365
1318,97.76802477359988
1319,140.1218058477711
1320,118.03501134761588
1321,86.3837033233243
1322,112.70157241463797
1323,234.72426193681707
1324,122.01798665744028
1325,110.59287116145151
1326,159.7119031904083
1327,136.56448131865434
1328,88.57761077139851
1329,201.3890622693837
1330,65.16091154351476
1331,87.95629208652649
1332,105.90599409295433
1333,94.09218112620295
1334,180.38511520701547
1335,104.95550395574281
1336,140.00073246345914
1337,211.86888386259903
1338,95.84954024139407
1339,118.96450896395203
1340,87.11363277335877
1341,136.09410973315153
1342,190.1074352363456
1343,112.26959383131353
1344,176.69664856341063
1345,85.8448330741519
1346,101.42023498158188
1347,135.31168474200726
1348,107.13430407991798
1349,224.0397583414359
1350,190.044779499134
1351,92.4230596927428
1352,89.56125422601355
1353,114.87582531054343
1354,121.0503353729665
1355,209.50628060268082
1356,177.82619910448582
1357,132.1197601939405
1358,136.20114836805683
1359,134.3013316082114
1360,145.68679330897658
1361,244.81059122187665
1362,167.236335973444
1363,143.76522343663063
1364,84.76981432136131
1365,120.75998672526606
1366,133.48375459148792
1367,239.05325897897896
1368,107.84376755012883
1369,175.25510502496604
1370,110.9273173725538
1371,144.31126491049653
1372,220.11768608741414
1373,252.81023348068666
1374,125.32666863083648
1375,91.76794227852912
1376,61.88116677616125
1377,92.9932440155971
1378,164.4579228989405
1379,128.0203902791149
1380,196.18500978511955
1381,177.46637086832487
1382,70.71967093095282
1383,104.48552516352103
1384,180.18580090173703
1385,93.55284043274764
1386,109.36056603948798
1387,128.723239364849
1388,79.06234644290437
1389,143.45354589973869
1390,102.16447699957516
1391,96.15983920660986
1392,223.59036173584747
1393,87.11255836580015
1394,105.6754521987577
1395,109.48261413849767
1396,104.76470711006068
1397,107.79078518032205
1398,214.64709584314983
1399,212.86291850741895
1400,125.39704742156083
1401,292.508471456095
1402,108.9613474849647
1403,172.95511814706725
1404,173.90501551751794
1405,112.29410063499456
1406,117.94088731224801
1407,121.20127385461473
1408,189.69906602052095
1409,95.00782172446533
1410,81.58212903226992
1411,116.20387075865901
1412,195.9624297930564
1413,163.87292343279327
1414,89.68227178312836
1415,97.37488036708609
1416,102.21387982836053
1417,87.17813775459194
1418,145.38706832695675
1419,101.46561644060941
1420,199.35395033072723
1421,126.27480464936066
1422,97.7559759131143
1423,111.5093010895165
1424,122.12996695030046
1425,149.8462421646737
1426,104.88097329050372
1427,255.02086844538806
1428,181.93481138012453
1429,99.40378193158578
1430,89.09139221835993
1431,193.31054220331134
1432,180.69134791273015
1433,146.1196717344834
1434,133.87553916326564
1435,152.8071101794351
1436,72.09454513393797
1437,122.27837611097891
1438,101.09408442963392
1439,158.18045225062434
1440,153.6148992468524
1441,97.94957399248193
1442,140.44222214928763
1443,114.82265048326198
1444,115.2754587424
1445,169.98500389072706
1446,112.82960412411263
1447,91.55176307018257
1448,116.83827640773069
1449,49.22235399593563
1450,230.4689289880301
1451,300.30431087695104
1452,121.45175156553248
1453,184.5306567644023
1454,197.08309504108226
1455,117.94016167655728
1456,106.53923141815275
1457,73.33219857654282
1458,100.63623944787543
1459,93.05130342638857
1460,186.74823702825364
1461,102.5176471845554
1462,268.44171789596055
1463,111.17013644227032
1464,158.8009693386186
1465,87.93102463947153
1466,91.64883357674385
1467,125.0835358697427
1468,122.62744820452218
1469,65.74812877247577
1470,82.2614009248049
1471,81.97345045659186
1472,64.91535095056472
1473,109.05879805228619
1474,121.16744713202621
1475,69.90650550609638
1476,163.93421616921316
1477,104.01232503722896
1478,155.6614405268577
1479,255.58710136531647
1480,104.275910850628
1481,79.1162172521932
1482,138.7542967084776
1483,104.0836394220689
1484,105.47756389130927
1485,102.96999317854801
1486,70.52128594984521
1487,145.74678756584643
1488,86.95246409906329
1489,105.05630597374264
1490,209.69081772790162
1491,129.69685425512088
1492,99.05874135755181
1493,124.53143544090412
1494,175.0135588585703
1495,109.20686476422242
1496,86.88261703601856
1497,175.72964806031905
1498,86.0529164853804
1499,99.83987112084579
1500,237.5055615653931
1501,105.30957435205292
1502,92.2221757844126
1503,110.34916190125813
1504,102.96825328555377
1505,278.69835864900983
1506,156.15180463169992
1507,274.33329152894237
1508,118.8519062740509
1509,98.19730661927943
1510,193.79854265579326
1511,73.20714768166465
1512,203.56799432465422
1513,103.67694041056376
1514,185.86414211843348
1515,120.21818192004683
1516,79.64776371773436
1517,180.65556231011766
1518,95.54391739204894
1519,83.23861882099112
1520,98.31721708676358
1521,157.50294975323322
1522,121.26991013909652
1523,111.44458884191556
1524,106.13380106835922
1525,251.04434914584536
1526,89.21489379720873
1527,94.83196274884148
1528,206.35540453506684
1529,151.78751886842286
1530,159.5987991067504
1531,152.66256127504528
1532,137.38327767923022
1533,147.8947742590983
1534,73.41670448186397
1535,100.29647101594557
1536,223.25595512313873
1537,80.27642962454158
1538,63.9175676160537
1539,178.38895355688152
1540,108.12158459133647
1541,74.55385454152122
1542,114.64281307451328
1543,208.63825755481037
1544,85.96464865608934
1545,94.4763576515545
1546,93.6932589617081
1547,220.63377572163665
1548,144.1863784021776
1549,247.3788484960162
1550,117.9342545670338
1551,72.27749728469638
1552,128.9024343402757
1553,105.5380273646499
1554,141.12820902045348
1555,81.17309117250085
1556,133.94194916025805
1557,100.67001553789797
1558,94.44839962939535
1559,177.60459563805398
1560,89.23054525296799
1561,42.92341831473437
1562,96.14346672649707
1563,129.04151465994943
1564,144.20910146414823
1565,146.7800560510044
1566,145.89916206489664
1567,64.76359005505367
1568,108.65407965267232
1569,189.55068077375458
1570,297.2490667202197
1571,102.36014845881868
1572,264.5040265320764
1573,138.9766658599052
1574,217.88600952020386
1575,101.06926710978723
1576,229.29359038600504
1577,86.69576036583597
1578,369.5020193160344
1579,198.39832222626907
1580,75.43882751381173
1581,101.32976475278384
1582,174.14775829811427
1583,70.52601158884701
1584,156.97695744354766
1585,158.4876501067479
1586,154.01344185378093
1587,191.83888827407935
1588,120.6809164797314
1589,90.27653628263867
1590,198.5643584515952
1591,271.21097292936076
1592,87.90720700533383
1593,163.09669405954543
1594,206.32041012793277
1595,208.51664982153804
1596,78.83937697700684
1597,114.21247415010777
1598,105.64349892543876
1599,230.54182142791407
1600,106.39198696451467
1601,205.0034216926187
1602,176.63306191425977
1603,96.2198868691379
1604,167.55098402183773
1605,88.11023853866439
1606,232.68622564709037
1607,106.47918892750951
1608,135.28488961369578
1609,87.8877479340779
1610,100.85263036457671
1611,138.06529190642206
1612,106.83890163102551
1613,84.83677475455235
1614,226.95981385468843
1615,107.76260719717266
1616,71.28549162414097
1617,97.9766632942636
1618,85.89080352786604
1619,119.28449869262855
1620,118.1250877032567
1621,113.84150558058637
1622,113.57932359149885
1623,132.89715291748126
1624,90.76347173366905
1625,146.5126877406203
1626,93.738196549766
1627,89.78345682153198
1628,144.06035962835108
1629,184.9632907243282
1630,54.7307853801752
1631,286.27285295456755
1632,117.97007808409063
1633,245.6690381462209
1634,101.48596947613815
1635,191.94585438554753
1636,79.82833478244532
1637,114.44498397308858
1638,120.50946705376765
1639,78.76539121414572
1640,117.95081546036116
1641,197.3840007581974
1642,248.07522331346695
1643,65.54585253814462
1644,116.50310671307398
1645,215.4309541791919
1646,224.02289007051763
1647,108.24581804336273
1648,71.1191338668812
1649,330.31667315141124
1650,157.070976360295
1651,253.92037789225725
1652,112.51771958708238
1653,132.0368822505841
1654,168.77032333363292
1655,215.43678705842024
1656,246.2640899704271
1657,99.60278956636868
1658,104.52382788678852
1659,183.99526233730597
1660,83.80244345084773
1661,74.15911247689452
1662,81.69410466272328
1663,248.52572513992115
1664,86.32745626596721
1665,205.35279325207884
1666,78.88103596963774
1667,173.59289106741667
1668,131.61727510916663
1669,180.80583825378528
1670,154.58349517733313
1671,216.78134481747887
1672,159.73275745728304
1673,102.94989568681176
1674,123.94330079661586
1675,103.12202314959933
1676,120.73864296488965
1677,129.90257932619068
1678,96.13575983878911
1679,90.54430834362218
1680,108.05363614146393
1681,101.32487333440386
1682,203.29476883222543
1683,131.74462545453537
1684,79.85491158271478
1685,199.4770497566554
1686,196.6303713609304
1687,160.38486280883222
1688,127.55702312387547
1689,110.05761032993395
1690,80.43763833985834
1691,139.39006146223173
1692,187.8173994485429
1693,135.99489716686082
1694,172.3161697648728
1695,398.45222814442326
1696,85.34317089299157
1697,215.81434634598432
1698,128.34147801234877
1699,302.8518543372212
1700,89.382284971927
1701,356.57228299788756
1702,96.8292941255744
1703,97.98209744982003
1704,118.21465851642394
1705,233.5537891018741
1706,120.078873572154
1707,105.75871829791163
1708,108.27230568797147
1709,167.73822011680923
1710,163.50195030958375
1711,107.09272855889644
1712,81.97623703546813
1713,113.78071155268918
1714,57.90249709282761
1715,73.80865075936265
1716,178.95744388195135
1717,192.93044941801048
1718,78.99281966242427
1719,255.2733267288615
1720,78.15400153547102
1721,146.072256482798
1722,157.37737383469513
1723,176.861469671838
1724,80.67358383219852
1725,92.07315429675376
1726,88.94977311731421
1727,166.1123506065421
1728,276.28479782427496
1729,182.35210448558283
1730,106.49236190459689
1731,93.96950093897297
1732,209.1423999960689
1733,112.43973997136476
1734,114.95108270492143
1735,119.01897838490973
1736,157.80455704283716
1737,120.59714232347527
1738,296.18192954070616
1739,271.0674018018053
1740,99.39593653396018
1741,91.43919226496801
1742,75.21707782840876
1743,148.34653904329224
1744,123.74368884469384
1745,212.77871446773185
1746,130.84574710282288
1747,124.59636545339046
1748,257.2312672710168
1749,172.67009513838502
1750,122.23617768727405
1751,102.2411815636586
1752,143.47324891531377
1753,134.51051480510122
1754,129.14886487137252
1755,107.82215156492478
1756,176.76532239044033
1757,82.29096757312684
1758,124.80807592240964
1759,169.71789568579817
1760,114.54308288022608
1761,132.60142731568772
1762,114.7573043451566
1763,116.7988092292224
1764,140.79080953839815
1765,78.66865963341355
1766,163.55160847909315
1767,84.07162799382239
1768,81.91203484794096
1769,85.02423610051564
1770,211.75154892504247
1771,203.36945342022403
1772,92.43693427463293
1773,198.65096896914116
1774,72.62619673547964
1775,111.26909550674787
1776,202.3555225559389
1777,95.86379795211664
1778,90.13695559015518
1779,86.26682105188662
1780,113.89954858278446
1781,125.18694935971976
1782,214.77484766838816
1783,100.31073290855106
1784,187.9918183420096
1785,117.24741368789518
1786,220.1963593033333
1787,126.48967748601306
1788,96.7645652804506
1789,123.88627825321174
1790,80.0965011673882
1791,85.43622168986029
1792,103.299822084942
1793,153.61343313243995
1794,135.33589430688255
1795,89.04418790509314
1796,172.033638340811
1797,108.7565679598504
1798,121.51840697683764
1799,127.41628965719471
1800,97.9471781230506
1801,173.49410524379925
1802,166.63903775345256
1803,85.8622807395063
1804,110.8117600959567
1805,115.61872765472803
1806,69.5043682011933
1807,106.1163092787435
1808,90.10697870334539
1809,183.02221796929078
1810,69.14393940274991
1811,68.9376933067896
1812,96.2983020416799
1813,205.77345787424437
1814,133.9882031353272
1815,88.91467550552966
1816,154.50893440548003
1817,205.58183378769428
1818,67.39361563202016
1819,117.09016550356765
1820,113.96601239763072
1821,176.28071581783934
1822,217.46477689811832
1823,210.45744363906186
1824,119.77406466177747
1825,218.0359722193835
1826,105.66735038627972
1827,185.7301495583116
1828,110.28784410452306
1829,195.7561221310906
1830,77.92390461315586
1831,128.09794674720956
1832,155.6828474567747
1833,169.29122400332284
1834,81.73314606251289
1835,106.35982269923127
1836,108.59707820313685
1837,121.6138396619915
1838,77.80251131154901
1839,86.32672967864463
1840,119.8973986230192
1841,79.13591018766002
1842,81.74497337268386
1843,109.39169801201676
1844,214.38376778190369
1845,108.44306855078588
1846,150.4914791762996
1847,136.80141920362064
1848,135.81021761664505
1849,88.95385673367821
1850,151.2634410408162
1851,153.69664042255363
1852,182.30417426028032
1853,131.7402115867889
1854,113.31015621676517
1855,84.91970850546537
1856,105.87050384232285
1857,296.0379507000988
1858,149.96332155769
1859,114.1888241220187
1860,107.31960331768857
1861,159.0226443700443
1862,102.72513223640294
1863,72.57782220525579
1864,188.75179462963106
1865,205.14501493517866
1866,92.7435491713043
1867,213.9499329024025
1868,253.93638036020388
1869,106.27587551082463
1870,88.44921475084703
1871,119.33449728665614
1872,121.3576193182302
1873,138.5248059221019
1874,154.88064597106398
1875,112.09702541079749
1876,143.12474715041628
1877,185.67870645612751
1878,214.9283241736136
1879,105.39109003199891
1880,156.13189249843575
1881,154.81863323340536
1882,149.4830138436092
1883,196.30045201941755
1884,148.27705498262853
1885,135.23061892546872
1886,100.56494529756068
1887,56.617933142970486
1888,87.80202588861758
1889,98.73911010165965
1890,211.23183388443698
1891,84.64450398587408
1892,101.16620657181592
1893,307.13039555119923
1894,167.97353437512936
1895,79.15034850513328
1896,57.27793650830254
1897,105.15926366964004
1898,106.61572023729602
1899,127.63531994659996
1900,136.46254917800513
1901,71.5679615639578
1902,66.84676303613443
1903,118.14606178929878
1904,151.9842586922953
1905,102.96741225644354
1906,88.58973273180973
1907,130.96663063967554
1908,130.56869959308227
1909,204.8607369298032
1910,109.99941310973196
1911,78.67573842070348
1912,203.81999294040102
1913,82.63274516435237
1914,138.59936917989407
1915,69.47090590164525
1916,98.97232749098539
1917,180.49712449851336
1918,268.912426561002
1919,230.1163500050869
1920,94.04741731084532
1921,193.54604776547637
1922,90.90830607059748
1923,244.69519254453192
1924,178.73782348689264
1925,221.64602391921994
1926,127.1774121963374
1927,80.29367194364781
1928,106.6682394819678
1929,144.08587087469638
1930,97.51927305517631
1931,109.18696835283328
1932,130.60521333847953
1933,201.1590013504742
1934,110.87900709726414
1935,81.90964078068737
1936,221.28342740390212
1937,80.31051225202893
1938,134.80759917332978
1939,112.47611840477555
1940,134.97594206418893
1941,170.29345453136997
1942,144.07406696718917
1943,82.90855111757347
1944,100.9468255967721
1945,81.10490339102832
1946,72.62268090309027
1947,153.1246443097371
1948,82.38699622085964
1949,128.12709742719065
1950,100.11302346700936
1951,117.59506780679084
1952,178.88486785856048
1953,197.7845369226322
1954,100.96338053301905
1955,96.96257564167576
1956,213.7382581891382
1957,132.67075709133687
1958,83.51279951032589
1959,111.3325251883418
1960,98.48754546005397
1961,260.52379226300127
1962,139.67449362341117
1963,97.31448779542086
1964,175.5740895108569
1965,114.64209847465345
1966,118.71536932001754
1967,179.90622537753688
1968,101.03681571312543
1969,121.17185902428993
1970,152.77275413474126
1971,131.37602668126078
1972,185.3751899060208
1973,196.81195784838653
1974,83.46006042284355
1975,70.48265650504418
1976,107.95011238750595
1977,100.90136146738931
1978,80.64283760979023
1979,129.0845122728473
1980,148.036775253629
1981,194.61100888125162
1982,122.43132365293042
1983,187.08728880145063
1984,118.49394802535863
1985,98.92772237582653
1986,93.3056713446176
1987,158.43396375097774
1988,198.84873357253204
1989,104.90539768753003
1990,140.08504722069915
1991,149.0697930178805
1992,147.66629953628305
1993,148.05497691516337
1994,293.3991480803403
1995,230.19222616752035
1996,85.0249897005784
1997,112.27484540198542
1998,198.98795130058042
1999,172.6389122735796
2000,122.94168330349979
2001,119.59157917366778
2002,129.51076731261645
2003,175.47585928509272
2004,107.5844479617126
2005,135.98294491311628
2006,163.09325381817195
2007,113.56293460067806
2008,90.97243093732021
2009,97.02495316084088
2010,86.31440864663554
2011,106.24481258341225
2012,109.42345013365494
2013,113.10061110709898
2014,112.46556015673693
2015,200.92504809077354
2016,268.43121716903386
2017,85.29452648422279
2018,95.89972258883466
2019,200.84096506629743
2020,135.70164600396117
2021,106.95641289418501
2022,192.30593148068357
2023,168.88340875923907
2024,140.3865652772913
2025,156.9190109891457
2026,117.77675411583263
2027,103.09071102078903
2028,124.50326441651066
2029,94.11174744846977
2030,121.68216382330772
2031,189.38669155414294
2032,76.48942930272786
2033,216.38571063582106
2034,152.54328782533105
2035,116.90290096279085
2036,168.76362850972578
2037,89.25531301710694
2038,218.3614012138921
2039,88.84693702774962
2040,109.23223182884908
2041,224.44312565499234
2042,136.17493587590198
2043,230.3804748350865
2044,91.39130622333396
2045,88.39048310331226
2046,150.9003155034106
2047,319.30072643346654
2048,141.19605088508894
2049,113.67294332104171
2050,164.308774241709
2051,174.13721669689974
2052,150.14113026734358
2053,93.48926670999313
2054,110.74307772071138
2055,120.93573424432158
2056,161.10728671448663
2057,113.16251483547578
2058,149.87415124444573
2059,143.73256866060865
2060,108.80329476478566
2061,86.41010054524915
2062,228.90711425110564
2063,130.79396176991713
2064,78.04637733816432
2065,269.74950683347276
2066,86.43699773429675
2067,98.74268503213618
2068,210.96291737993633
2069,155.2744724907432
2070,88.2225423420876
2071,113.96865707727042
2072,103.2659144899149
2073,120.67806894356542
2074,97.94532733777376
2075,85.00470827780711
2076,156.98200035502185
2077,164.76482964016236
2078,106.83227435916055
2079,96.64510004689512
2080,172.7334730508422
2081,185.52759152599285
2082,123.16971729001959
2083,60.56362455985128
2084,178.34277668892437
2085,106.19701575573745
2086,118.41587789881942
2087,149.74740140103455
2088,170.68625200283776
2089,124.09799841001178
2090,93.07756258850756
2091,94.47430645221064
2092,121.76422024547287
2093,96.54297241200939
2094,153.25645746898192
2095,228.78999725526657
2096,82.19203627121685
2097,164.53503583518423
2098,140.37743103259118
2099,183.04092140675658
2100,137.45053509155406
2101,162.3834675671638
2102,205.72227058421782
2103,199.51693863113303
2104,200.80128299030008
2105,147.35414753843963
2106,139.2489509611072
2107,109.89206517692332
2108,78.44637532470524
2109,137.3865195011045
2110,245.95830477437406
2111,140.50328686766778
2112,84.1689310367432
2113,182.90654676474847
2114,88.3082328461228
2115,198.75169796909483
2116,102.63432699349099
2117,247.72662997507632
2118,113.90437508235487
2119,118.83599362571474
2120,69.4520241725769
2121,103.10166147103043
2122,82.56093807526648
2123,142.2474860696408
2124,205.21319085632265
2125,80.68476310117154
2126,98.78010048143817
2127,129.50703265683188
2128,84.11121559113542
2129,68.82117793619506
2130,145.19254949623968
2131,83.32921889970297
2132,129.00736693237198
2133,73.25927687581577
2134,129.1541350787315
2135,77.11606189854623
2136,154.56275639925508
2137,294.8198502825297
2138,122.23313023762655
2139,110.735845835049
2140,111.5009254072578
2141,101.96991752481031
2142,86.98413165823433
2143,95.05999885027609
2144,200.9318417846659
2145,75.51046865890609
2146,110.64054123313448
2147,107.4304442588265
2148,218.94199867555696
2149,112.29143433755893
2150,136.86769060900258
2151,106.0465367467651
2152,68.51124878186954
2153,113.50390742491956
2154,88.47811266454146
2155,99.51402469876554
2156,115.6467079346165
2157,142.8852000292167
2158,140.7101997923234
2159,110.21254532035803
2160,141.06178304970547
2161,206.88735638587147
2162,201.78914749708363
2163,79.9356321262736
2164,94.38078769250723
2165,117.05723297623659
2166,124.55946723953775
2167,160.84281366709106
2168,131.32987189044212
2169,96.57754059450568
2170,165.85596884071253
2171,197.15184863078102
2172,152.6618483740408
2173,110.28225868259283
2174,191.79119665915871
2175,92.63273307708636
2176,87.80880255439776
2177,106.97448383553005
2178,71.08650880298497
2179,111.4010999839212
2180,171.82295710831715
2181,157.4051481221936
2182,108.24616505180015
2183,117.68612510873504
2184,220.40580867063156
2185,91.91510322996729
2186,87.26471842345637
2187,90.39354097815048
2188,100.32625423486016
2189,88.82282926259813
2190,199.82408065242316
2191,134.33105813568446
2192,95.16439685510392
2193,123.71927083793801
2194,101.50162742122009
2195,190.34701950585696
2196,104.71173265377178
2197,181.29193425822046
2198,183.16110254342988
2199,178.94520483012204
2200,98.7682978907358
2201,113.26822840057065
2202,70.1714911540118
2203,221.5550964555503
2204,189.2264220250758
2205,170.71780430328835
2206,181.68148157350896
2207,130.04701744546003
2208,100.49762789943227
2209,116.27119232193608
2210,132.47650091460025
2211,76.16776586257285
2212,218.52641223140736
2213,105.38196361813317
2214,103.13228019137577
2215,96.52736837505513
2216,99.72086164277637
2217,97.84563735080613
2218,53.3678666413318
2219,101.13923384154351
2220,102.97652488075788
2221,80.7354901192647
2222,93.5423323920618
2223,231.97686432843145
2224,249.38974463649524
2225,174.9268534699571
2226,132.76131580844543
2227,118.827723777109
2228,114.52792207252008
2229,114.76918897930507
2230,164.22944357649754
2231,87.16273321426263
2232,161.1690538716598
2233,94.11509932171182
2234,138.50959551163535
2235,121.12500953895021
2236,116.14690978224864
2237,101.8934487088869
2238,106.47520727810381
2239,99.7192254032234
2240,108.67975810764014
2241,94.77805241429496
2242,291.25943852127614
2243,113.80753605561165
2244,128.76638503104425
2245,187.5394174367469
2246,278.26188934028244
2247,199.0776992535586
2248,162.86850058915405
2249,198.36705172485688
2250,191.05806514324928
2251,72.15380950236701
2252,98.38592718462958
2253,188.43354671113968
2254,131.89299499492955
2255,106.3117115375266
2256,89.73118591801598
2257,166.5727314417964
2258,117.0734485862161
2259,126.63760077077455
2260,194.63298415455537
2261,131.58316826677944
2262,93.60443119406882
2263,109.61748863772846
2264,137.45186707484916
2265,146.73730431092895
2266,162.45313634278287
2267,119.72607286246814
2268,134.93040840751877
2269,57.118058064218935
2270,103.38165679604253
2271,208.79051077448747
2272,150.94845947593774
2273,269.2328638981061
2274,90.88272624006734
2275,162.2503741013369
2276,191.77642737744728
2277,111.08874531338007
2278,185.85965505670913
2279,316.00494552322834
2280,176.67769074424035
2281,138.3273232734802
2282,193.13192198571667
2283,155.18502939605844
2284,241.5447670468387
2285,192.9550416077426
2286,123.0964787156777
2287,102.66461225824365
2288,143.3875879527532
2289,123.03818958551321
2290,108.64571573833194
2291,187.15561695218327
2292,100.2949660480021
2293,152.36186074388849
2294,123.38098843092072
2295,149.9279159516799
2296,110.10166274591379
2297,65.7055274079451
2298,162.46730526290582
2299,104.91669589123723
2300,91.7129843345157
2301,175.60861259290837
2302,125.71798953757272
2303,106.55320787838546
2304,121.21891418146924
2305,117.6060940349616
2306,209.75281233184214
2307,87.98284869051291
2308,62.862903869515684
2309,95.71590683113054
2310,196.27613425599196
2311,104.30908699846276
2312,159.06587202175137
2313,187.8619367837739
2314,92.07107376811302
2315,71.91048780367055
2316,132.81802220894662
2317,189.99928615180028
2318,82.74936986289015
2319,94.6921755628949
2320,125.89065170948157
2321,83.07649982914118
2322,100.52270146519312
2323,153.21224670693556
2324,203.27244116548422
2325,108.39205488603302
2326,86.81004645377149
2327,105.53805916246074
2328,142.77242676231322
2329,95.06387959159731
2330,90.6155614274601
2331,170.42387958987845
2332,126.96661896351047
2333,188.46484485039736
2334,95.95795463281536
2335,166.95963314681381
2336,110.36505828105506
2337,218.2139175310554
2338,275.5808193722927
2339,72.08322736324492
2340,151.47744286688038
2341,96.21010216177334
2342,144.50049892812964
2343,161.81999746610603
2344,157.25955385006694
2345,173.18193498368706
2346,188.80606566082201
2347,105.69078217842295
2348,235.60007133309526
2349,103.29424362026528
2350,79.09269710286046
2351,103.57154691496373
2352,273.51143038341473
2353,77.09880614735293
2354,141.85546873336187
2355,92.26439822917064
2356,156.74822769311385
2357,68.06627789250788
2358,104.31922295445105
2359,134.05613548179176
2360,141.3187010643761
2361,71.01855235430523
2362,87.51743620739627
2363,159.2271471923817
2364,170.1855200671955
2365,115.87818639408043
2366,67.14119302292733
2367,112.5930076022444
2368,230.82078135277538
2369,121.14299348839148
2370,232.35711907513044
2371,162.02351618423285
2372,160.52780539732038
2373,100.83533783592098
2374,231.33868454082605
2375,125.58516527086698
2376,104.89895535678485
2377,197.83512826042588
2378,80.04167937162791
2379,240.38425180377112
2380,85.52172501704328
2381,104.91210731080656
2382,85.00988043459122
2383,158.0673122508388
2384,161.1795261075613
2385,182.79438210062563
2386,97.66059622247045
2387,109.45613042451507
2388,81.60781736080257
2389,146.14984301245556
2390,135.30724495207403
2391,170.49095395649562
2392,139.65627603770614
2393,123.28492785462107
2394,215.9327638336223
2395,124.0442765951407
2396,158.27215133362623
2397,180.74952720066
2398,73.70838926976147
2399,111.17741185527001
2400,117.87346159877632
2401,207.4249486117244
2402,114.03769872041946
2403,189.11796201960192
2404,201.05412447078947
2405,83.85553778267003
2406,117.89933659105908
2407,166.734851883935
2408,91.31036254101309
2409,192.45432143438597
2410,272.0769971575813
2411,97.10648116065357
2412,66.66918539600798
2413,116.70354032184161
2414,136.26286068249
2415,194.21370206533322
2416,93.17080993758977
2417,117.72358885504192
2418,106.72870919934093
2419,172.81911382029858
2420,115.55934037063639
2421,74.24444744312386
2422,159.2658166252599
2423,110.63945041588914
2424,80.02982799703716
2425,291.8649363050653
2426,90.10136836086453
2427,361.8855936925837
2428,81.79351728430562
2429,103.9642882586089
2430,95.5403626174876
2431,101.81849814998606
2432,161.60420836107755
2433,245.11482917791037
2434,119.24791513085086
2435,190.80397739369846
2436,155.66363503601036
2437,98.4533794653656
2438,92.3250119323614
2439,75.63792255930092
2440,125.07864221753627
2441,81.91791755659543
2442,140.33449364265545
2443,146.15696462520583
2444,176.78928468361852
2445,70.43861587647166
2446,135.40595151474014
2447,108.44283328078852
2448,147.0809579410975
2449,101.89695739707477
2450,87.76719392857119
2451,87.33542001902067
2452,73.39986360597125
2453,138.545074267578
2454,199.23865134954536
2455,166.61554327817043
2456,134.52127142914634
2457,125.70227447410518
2458,92.92622581154143
2459,174.65404724800032
2460,103.21525319571725
2461,208.71878253699617
2462,183.03526848473822
2463,103.98006720665444
2464,67.41390892293832
2465,241.00739915523798
2466,226.15681172910845
2467,77.83674068920558
2468,147.2965124083027
2469,85.85263478579705
2470,123.74588714072814
2471,99.83991985395369
2472,173.98595984694467
2473,143.99565334754885
2474,268.3202489293869
2475,154.20355688765284
2476,117.00325888156651
2477,224.91507580710223
2478,207.47541987299616
2479,61.38558538006035
2480,115.2151930087409
2481,131.06176257075526
2482,143.05073915406211
2483,208.26829927131303
2484,205.23674424275626
2485,111.96947015957771
2486,142.36948402138836
2487,127.56878368526577
2488,93.40352062260604
2489,73.30260725615588
2490,130.86599233869435
2491,133.4059699405252
2492,123.4081077836144
2493,103.51854708906053
2494,91.24650977864223
2495,104.00290254584982
2496,234.26195208334633
2497,102.1130454123578
2498,163.33264905425733
2499,101.04906101960131
2500,120.83615517440003
2501,70.91367780803557
2502,176.16853866834913
2503,107.56529192106646
2504,89.78765054136832
2505,88.07369808970986
2506,171.08332228482067
2507,313.121649042749
2508,138.962348829308
2509,113.42628310270308
2510,109.36556112069175
2511,187.75537364981545
2512,91.39003830970968
2513,190.53843904137707
2514,200.1166458131315
2515,97.06282138823573
2516,121.16889252784131
2517,281.4636915809242
2518,108.15919610435793
2519,142.1168227224674
2520,252.37502565950155
2521,91.2663721622176
2522,110.28285603643793
2523,109.04709819254415
2524,51.55671109278275
2525,173.69602904395612
2526,120.42256360705166
2527,178.0524579099276
2528,81.31800756146038
2529,84.87439987148453
2530,283.990897487659
2531,220.64667503447959
2532,92.56308638874843
2533,83.70402438650936
2534,138.53725049320786
2535,89.65329984303648
2536,89.20982275188287
2537,111.52271565923871
2538,251.29262474115797
2539,59.18649941913013
2540,120.96718013669901
2541,169.95000692428397
2542,82.70092945493204
2543,209.49087524867468
2544,221.8612340544612
2545,162.56138191268278
2546,256.894629632611
2547,238.9011348701991
2548,192.22166181435907
2549,82.64794691968619
2550,106.37369771485923
2551,86.13250774108792
2552,91.69640257587655
2553,77.66852412436322
2554,88.93684883051029
2555,180.87299950984863
2556,225.77153729955165
2557,180.51874856565763
2558,190.2797259348883
2559,92.58741340382423
2560,108.40759896083085
2561,181.54924112424865
2562,184.4437618750478
2563,125.59456279072711
2564,202.04659776622594
2565,87.08909613690147
2566,168.73699472996194
2567,237.58754113640498
2568,70.09162659301867
2569,147.72586664815563
2570,137.96208000052997
2571,233.9214132007681
2572,132.1250952831787
2573,187.6755769903554
2574,131.9548822267423
2575,276.31752827235596
2576,142.63799087521318
2577,113.95786886280284
2578,93.66985379122647
2579,208.5595821539099
2580,84.09728186149381
2581,86.46008467133171
2582,115.91282117328012
2583,96.0916190260291
2584,154.1091222877786
2585,196.52158053481176
2586,208.726904535617
2587,224.08700807711654
2588,193.63882354982775
2589,213.84447542661448
2590,189.6765104697048
2591,173.06296347818392
2592,125.64005111887224
2593,177.19424190255484
2594,187.47734803026734
2595,108.03464521541295
2596,123.9621222375337
2597,64.85854517400372
2598,123.80103303666212
2599,151.64961696507942
2600,93.0103400191746
2601,102.59092678507824
2602,72.89972084124832
2603,123.35364386731271
2604,196.19492977817143
2605,146.24428385968423
2606,145.4535292877069
2607,94.04088470174506
2608,144.25320265734118
2609,136.51585725445844
2610,108.38242025482842
2611,182.1502328228518
2612,102.62908999121626
2613,94.81568318735935
2614,105.93401678686291
2615,106.07752893412736
2616,146.31504479547885
2617,64.45771474928989
2618,103.270261139217
2619,98.385009610305
2620,100.12653906350744
2621,138.27553858244121
2622,75.88668764044037
2623,238.25294327392393
2624,148.03418363326932
2625,131.7843318614244
2626,117.13963210843471
2627,175.17665074258008
2628,169.0347616734036
2629,157.01913765047198
2630,113.08761048318259
2631,92.9110071308377
2632,122.84853548378948
2633,81.09299382296247
2634,191.50775697314
2635,90.0610939746505
2636,201.20562740393382
2637,127.03801976638985
2638,146.23866957164898
2639,108.7295734757441
2640,193.89954512366887
2641,162.45814091270827
2642,130.72787013264275
2643,165.8729181373863
2644,137.77068020627968
2645,177.85733310828266
2646,121.59173794362678
2647,108.77031429674459
2648,209.54114252213645
2649,92.31098614693494
2650,123.9926738968758
2651,121.82649314790373
2652,124.71369319335449
2653,102.12571347735005
2654,102.14507851469651
2655,148.46544674734722
2656,121.47993519198425
2657,106.56850398352839
2658,102.44645164957082
2659,139.19168000548865
2660,111.85992182022801
2661,74.16178953937577
2662,89.79492431169012
2663,176.24029149674436
2664,117.5940351913851
2665,68.71590594046457
2666,107.95801699880647
2667,157.91424231850385
2668,119.8390931632698
2669,87.27794094274343
2670,64.73190098470953
2671,126.18247143273258
2672,100.74141910979147
2673,151.02041399128248
2674,289.1395008335436
2675,100.94954531797084
2676,96.42686659231629
2677,76.5393571913163
2678,131.12998223000716
2679,127.13959213580335
2680,182.7680428024342
2681,103.78146561496322
2682,120.54481301659987
2683,109.23232972422211
2684,174.65304202626015
2685,111.12456762371383
2686,90.5064590204257
2687,88.2776211618816
2688,87.31634400840665
2689,48.78822703027847
2690,130.86209932725808
2691,130.17649304784567
2692,68.19012820610665
2693,124.56668838500566
2694,52.72890989023214
2695,157.68232209439972
2696,92.76760640964247
2697,99.04635321718973
2698,185.0897414628422
2699,96.76206908562524
2700,143.95887939463336
2701,129.53088042291034
2702,102.37759084797358
2703,172.08483617896127
2704,94.286884758989
2705,131.863298313593
2706,167.55668666608676
2707,104.05388712620316
2708,136.9331083197
2709,238.52316713968975
2710,109.46086115183343
2711,95.80462209633798
2712,76.69542764096184
2713,244.14527433469257
2714,210.81508068823948
2715,98.3697187161439
2716,107.96472699126892
2717,93.06934221964839
2718,181.72671473737634
2719,90.65417797552657
2720,124.57596822839415
2721,187.35143394973034
2722,245.72758203089225
2723,119.80717276908649
2724,61.72497341506468
2725,92.15234111009678
2726,89.48131607517917
2727,150.20483438624586
2728,241.65024147407559
2729,176.7158321457973
2730,129.67954029315374
2731,127.47991064844265
2732,162.75119805035007
2733,359.994696097407
2734,112.6675535980334
2735,160.70640024581147
2736,200.82876749361168
2737,182.63016277513447
2738,187.337362714253
2739,106.70836418260569
2740,138.02769779375615
2741,111.18072945171764
2742,114.14450339084884
2743,105.74622768371312
2744,198.64047230252783
2745,104.99085176585737
2746,93.66034324867856
2747,86.49594592013153
2748,70.70122029535118
2749,90.70843594279643
2750,107.88113398861421
2751,232.71440485529263
2752,83.20865429784885
2753,110.00602309486216
2754,123.0890307914367
2755,158.97476519061257
2756,144.13227752440338
2757,139.35901716542287
2758,179.08252263812022
2759,137.93828579551968
2760,166.18488160333925
2761,239.38167659298566
2762,162.20299921990454
2763,156.55742006732956
2764,149.6776191479535
2765,108.27000763684399
2766,60.308058357887255
2767,109.14396502864287
2768,93.15736000346101
2769,152.6766594532676
2770,115.09861556535914
2771,94.37214894533852
2772,277.17079786426024
2773,201.93809336773933
2774,112.9597961185739
2775,67.94065168910561
2776,90.84179200750023
2777,129.07136185499672
2778,120.514779301824
2779,120.30660044641735
2780,98.65363610125402
2781,186.91003118749785
2782,107.06244577173626
2783,166.79887167476747
2784,172.87435845614655
2785,251.0203638882201
2786,93.4233220293051
2787,205.57974032428797
2788,262.3888223774261
2789,99.48568687465779
2790,111.91757042116151
2791,82.2620142848636
2792,123.09636317274988
2793,112.09025169418217
2794,150.90082037218298
2795,111.35909469524933
2796,194.16112899407912
2797,101.19870671484598
2798,175.42225738415817
2799,97.95817664747182
2800,74.76565655018224
2801,90.20359643901321
2802,82.8496037863882
2803,203.33131162501195
2804,199.87522401811958
2805,335.45165810811324
2806,134.6631326155179
2807,128.40572982174058
2808,103.49357074168348
2809,95.62236518732169
2810,103.76765421282926
2811,73.15547378657097
2812,129.46752544043352
2813,151.9373564124391
2814,111.30815092411572
2815,147.41074478286592
2816,140.04706183017342
2817,243.64122125134642
2818,140.11796561997312
2819,118.26603880532896
2820,230.53781599129178
2821,112.10588848220449
2822,168.96078454895016
2823,90.10681504187485
2824,93.2079636203465
2825,175.28764406357735
2826,187.27993362311204
2827,132.89977314964042
2828,126.94569635397514
2829,181.0047985403425
2830,152.5441178041523
2831,82.67153527220503
2832,145.8448519125547
2833,152.7440811405965
2834,139.10188840533058
2835,187.3933626411138
2836,215.09275729751377
2837,152.84407961714123
2838,180.28559740959554
2839,142.88870590231417
2840,149.44376578760154
2841,81.29690629146867
2842,116.43233222041448
2843,121.44791904109479
2844,170.06106192254896
2845,200.53133208583185
2846,177.10366311333024
2847,104.56546354649612
2848,94.224027258826
2849,118.59157337650183
2850,202.4224127908874
2851,114.05078505487177
2852,86.02569518446954
2853,106.24597918444766
2854,116.57126083050686
2855,92.23841786545275
2856,205.1566998440298
2857,158.10593444792065
2858,87.8965213478782
2859,258.5920571920654
2860,123.67781544291012
2861,141.48223171257374
2862,78.13156171817357
2863,70.51416367534972
2864,100.50835714707108
2865,101.02634784699376
2866,190.65163886427655
2867,163.69894519909656
2868,126.81710514720675
2869,83.61789734979357
2870,150.64745644467433
2871,83.44498445535699
2872,224.15053619851534
2873,88.95182490485138
2874,72.63444927861387
2875,183.68053331584906
2876,108.74879985422217
2877,98.93900524445306
2878,125.55001750395552
2879,79.7925227231332
2880,181.7522074083885
2881,138.20411791157395
2882,176.74466740474827
2883,214.24735948050142
2884,88.61170854774403
2885,91.31895771469436
2886,95.77524304461386
2887,120.00189410869233
2888,117.36721806616461
2889,117.78426204529569
2890,101.88883407074485
2891,184.7361983106436
2892,89.42016651195394
2893,74.9346967616087
2894,248.06125521084732
2895,289.64053034748144
2896,58.52661610161143
2897,265.6093725188982
2898,106.45975222781189
2899,112.04263371210482
2900,109.52925563048454
2901,194.43520502227267
2902,242.2036200033204
2903,163.00149472719215
2904,174.22853626966798
2905,91.30262476864189
2906,94.01490212084906
2907,92.49151949999276
2908,134.32674659273502
2909,89.2721808233678
2910,197.0252353684238
2911,192.17696431185703
2912,178.3466373843607
2913,112.4535114563682
2914,150.4532423215598
2915,128.54201372608125
2916,133.232926614242
2917,134.85262985108247
2918,120.41559964012447
2919,66.99258350090882
2920,84.48692940969875
2921,200.00341933493607
2922,73.67170826321718
2923,128.47413054219962
2924,144.04811967655195
2925,85.13064015128029
2926,131.32371530648072
2927,127.63217357874872
2928,125.5365436886591
2929,94.54817578613921
2930,61.476296684057
2931,146.99302305789956
2932,129.05984685987076
2933,87.4779920947087
2934,209.2822270095084
2935,183.99167235885963
2936,120.46605194349755
2937,109.86891858161246
2938,63.98883315550111
2939,77.65021529090811
2940,195.1096025447552
2941,71.36690907676054
2942,101.6864158960021
2943,163.7492827762826
2944,134.84092056378245
2945,150.89255921414957
2946,116.51902783435737
2947,162.20911973970723
2948,264.7594382808388
2949,166.7264815970645
2950,129.2722642976689
2951,103.46053943950731
2952,85.106532707675
2953,124.43413755999526
2954,160.88425523220752
2955,241.99465993332686
2956,90.34280762476249
2957,79.82766288412344
2958,449.5918349288957
2959,106.42308412480861
2960,128.79287851033362
2961,120.97191691372896
2962,93.05056563447809
2963,114.67106475688593
2964,119.58604665227162
2965,122.40703778661151
2966,247.86678682917074
2967,95.13223408693882
2968,217.47536830541037
2969,149.4656953835939
2970,104.45814351160271
2971,135.7480728668305
2972,130.3928206569854
2973,93.88316583173639
2974,114.80711681438967
2975,109.09094510560699
2976,125.21130852935553
2977,80.41428765359719
2978,151.6681036833014
2979,219.65782498791185
2980,66.36320383137762
2981,161.88368206452924
2982,144.01001845551554
2983,119.13253145049651
2984,134.55140064441792
2985,193.18841745631525
2986,213.14590293969437
2987,123.6949754286183
2988,125.45642424882965
2989,108.78306731961831
2990,127.8601935471446
2991,153.19390871125287
2992,107.50115605876908
2993,139.06879299518084
2994,107.77064974609746
2995,105.5721931815711
2996,196.99004874994014
2997,153.0416775850435
2998,66.5943594588239
2999,241.66643920359394
3000,83.49900152295598
3001,123.22829789046249
3002,143.2824038124171
3003,144.10241582551674
3004,121.58660172562065
3005,113.74503282592818
3006,85.85023510221984
3007,102.6511661462618
3008,141.50716248317315
3009,170.74244173736912
3010,105.4818771873773
3011,165.0657748306776
3012,198.06101058808724
3013,73.64022774571973
3014,89.27856880206265
3015,103.21521043939235
3016,150.95063977252386
3017,111.93449035501071
3018,207.9370176310611
3019,206.2046919543181
3020,110.17424593247245
3021,115.40772560282875
3022,151.4220027850512
3023,101.77442073687254
3024,79.1599845393465
3025,84.58509916592752
3026,163.92699578912544
3027,87.3276725810187
3028,246.94198139865298
3029,93.52032615613889
3030,106.27924837454552
3031,144.43953356201507
3032,251.52386069245097
3033,151.66191744809746
3034,350.34145710449303
3035,191.29039243226325
3036,130.83485335514345
3037,161.06592086652475
3038,229.14397339287953
3039,221.77601155896255
3040,188.07878339943898
3041,204.8427980712187
3042,108.89121166467677
3043,128.13167746631524
3044,167.33498652653094
3045,98.81623450518987
3046,239.81245207909168
3047,57.32246436924609
3048,110.98985405703127
3049,81.7914605064124
3050,258.8793309762315
3051,155.07282173840738
3052,202.42714875989583
3053,100.80793874638084
3054,214.5097431460409
3055,120.46774355516044
3056,153.4498739759577
3057,106.35992441455883
3058,293.26560078719626
3059,142.3443760407105
3060,77.696588419043
3061,134.54764136773852
3062,254.74244372438469
3063,186.1195595677725
3064,115.41257446059552
3065,253.07586293658724
3066,251.66740603972607
3067,135.21789221934682
3068,84.76584618806504
3069,94.74547483028215
3070,163.78221507370935
3071,83.49811757686035
3072,120.92840457721607
3073,219.30200477623487
3074,181.31509853243668
3075,94.50954374242394
3076,160.6518648338231
3077,121.04490031576287
3078,128.2233433474355
3079,168.96923600553072
3080,107.83271441487952
3081,106.05063893441843
3082,174.58945490172658
3083,84.99069946327376
3084,107.0088638803928
3085,106.1854172756254
3086,154.83886643279016
3087,122.4246587417524
3088,118.93233710736015
3089,152.04735199277295
3090,138.27885118429248
3091,111.88591641310344
3092,75.18004130037481
3093,88.40029751101886
3094,111.40914780970664
3095,88.77305995214904
3096,147.01993915686882
3097,149.65434569803983
3098,105.29964110111209
3099,114.44206566576531
3100,80.64354851950989
3101,94.60441455545259
3102,100.64867680788224
3103,135.09940404135088
3104,204.99983719379804
3105,294.02338136924243
3106,141.167704064067
3107,135.59891491616318
3108,111.78613685576926
3109,85.16580878625747
3110,131.89203400042777
3111,173.07495525514224
3112,72.94873942950719
3113,112.93659831960841
3114,96.16514568753091
3115,117.0174105906685
3116,80.31315200880587
3117,125.4661429281603
3118,93.11348571207266
3119,170.16214458732887
3120,93.63171163333016
3121,325.5174451937489
3122,283.2938580972499
3123,155.6056627986913
3124,127.96887267845163
3125,205.25306396382814
3126,136.0060182937035
3127,95.98461728860418
3128,79.98202523139457
3129,132.1879811296618
3130,88.07988761032519
3131,143.1493300548135
3132,159.71781666083
3133,118.360451967584
3134,171.92344059381816
3135,214.86732159486306
3136,89.89829551077133
3137,100.55390471784285
3138,187.07128062529014
3139,226.53365405192807
3140,152.27227120694812
3141,78.87686500607832
3142,236.07171278859653
3143,136.51184535878315
3144,187.92910187761976
3145,130.8474811009093
3146,83.65010400144656
3147,95.37186638516683
3148,120.66193171404379
3149,197.66487777686174
3150,157.14428102595332
3151,97.3994894085787
3152,83.97280231785754
3153,89.87113816168545
3154,72.91115985045629
3155,84.54073113616816
3156,98.35705914752523
3157,117.06893398564031
3158,90.26926873220454
3159,119.12251439077599
3160,128.7667135465725
3161,100.12900014049062
3162,193.4311569034319
3163,149.20852626912176
3164,123.58737242137803
3165,177.06809088359142
3166,145.70605897413404
3167,112.51410380760132
3168,145.1802488481032
3169,198.62045002778223
3170,270.8444888143978
3171,75.23566613921382
3172,155.54745719961878
3173,211.54644210462976
3174,90.27511776736353
3175,85.70038398052444
3176,214.09709956781285
3177,236.15192903974673
3178,92.68750357555065
3179,224.9680384594594
3180,283.8741662967858
3181,255.45852511610107
3182,215.16665138724454
3183,66.09616821959281
3184,136.8532727560708
3185,183.22136248489304
3186,98.07664106723927
3187,153.57357748069433
3188,112.61158504230127
3189,79.90117741387061
3190,110.43726849832436
3191,167.70603945784777
3192,83.98747392933237
3193,130.86941225694238
3194,85.94000426111276
3195,150.72921298390054
3196,101.10629534485317
3197,84.5527612653382
3198,169.18477674863908
3199,149.45514136548314
3200,172.2775783919819
3201,161.29384490887838
3202,96.93077476026255
3203,115.24891819218266
3204,205.81042686356852
3205,76.67131783466155
3206,140.3954959350025
3207,180.4809233436311
3208,88.17540592758132
3209,109.04247265851055
3210,67.9759405639847
3211,224.47325877646193
3212,184.75463848648383
3213,192.864878076529
3214,216.07669209383562
3215,188.0271985168901
3216,94.97682471928721
3217,69.56555947679631
3218,94.51848837600129
3219,322.71140568267657
3220,153.97768046824586
3221,79.08950819853175
3222,163.30146080836042
3223,108.18063736226831
3224,128.14830254130135
3225,123.05689228425683
3226,97.31118059213557
3227,153.61826760280212
3228,144.88385764976795
3229,77.65262647120639
3230,373.82726859481136
3231,233.35885484609614
3232,152.46765983622083
3233,78.97634003705195
3234,99.25842681389324
3235,150.4350332650268
3236,145.4083985651726
3237,83.48912246494844
3238,110.08626475859928
3239,171.41365846442594
3240,106.38828714140925
3241,158.4069279972234
3242,176.59871400205066
3243,244.45236548095733
3244,145.42165307139044
3245,142.10148148044135
3246,129.07751229461843
3247,168.26283161439142
3248,187.0589918086638
3249,225.93300468912327
3250,274.88229663668517
3251,91.789227463848
3252,192.13263185835098
3253,97.56400188547582
3254,199.44236052031505
3255,185.11211105274276
3256,95.93280082911586
3257,264.9183338643365
3258,85.62393472712148
3259,103.00730402782878
3260,139.11588034320735
3261,154.75409409666923
3262,84.93640559857278
3263,139.762453080618
3264,226.97824223017375
3265,122.90916536813434
3266,108.26895103364973
3267,85.21090116609503
3268,127.23051873810753
3269,305.0540316033532
3270,161.49113890376657
3271,83.67161855577943
3272,115.68397110438934
3273,176.8325409482374
3274,115.1620058790256
3275,87.52526461565934
3276,85.25847807389218
3277,147.5850261407637
3278,113.63878007818383
3279,103.67881179173658
3280,104.32555874806755
3281,83.28950775707214
3282,91.69158475224256
3283,118.92000210131877
3284,175.9522807301791
3285,166.73805481187398
3286,176.28747579649982
3287,169.6345267795993
3288,287.13084739678584
3289,202.15602222860667
3290,82.38215187872612
3291,92.87564139829033
3292,99.07142706339837
3293,106.85882703151745
3294,232.8072720711107
3295,153.91510730787735
3296,184.35702566781458
3297,173.03221515726653
3298,87.07595282666364
3299,152.01733853085776
3300,192.51838284508426
3301,169.82559143131422
3302,241.04292377272066
3303,79.12424640302014
3304,177.65404772086424
3305,129.64705580767196
3306,156.68823202241379
3307,65.76658797782503
3308,184.4539081300963
3309,241.05786141712025
3310,149.3996273850703
3311,129.3922674244325
3312,159.40975971778232
3313,165.34650600609746
3314,74.93949231832315
3315,189.10792297452244
3316,111.78617006658028
3317,102.55784984394163
3318,145.61296715049028
3319,135.05494073873717
3320,63.901417452691824
3321,270.4220911274201
3322,114.84989887165719
3323,99.18165093575614
3324,267.5238763412794
3325,182.01431836677162
3326,98.91216464129579
3327,158.79457394724687
3328,120.09720665268122
3329,204.77961745050254
3330,84.12782438928016
3331,104.0500185493656
3332,87.67859899290342
3333,114.63613078396412
3334,85.30722695725858
3335,235.18779797645996
3336,193.99788554467506
3337,190.43080822479436
3338,89.33772469119569
3339,122.14947282572763
3340,82.86371421231732
3341,118.88947261223714
3342,216.81968528524075
3343,324.0581044727709
3344,112.98726648177204
3345,77.15051952698013
3346,79.19925793876746
3347,69.3556126211814
3348,100.5107862503352
3349,202.87938647583042
3350,223.27545226696787
3351,170.7843773424372
3352,262.15198776913996
3353,75.35030958545673
3354,125.39473362637426
3355,83.75224602720785
3356,67.3787279715405
3357,302.1616699715014
3358,114.52920506802631
3359,110.56039461987429
3360,165.6209981086887
3361,119.3130860202092
3362,130.10156911801755
3363,86.14483925600626
3364,202.43881194962051
3365,105.2709046324294
3366,101.14161662460957
3367,114.38302732455814
3368,170.86935825271883
3369,192.18314209730875
3370,154.66385015416688
3371,128.3572167128759
3372,317.8351722656315
3373,61.43732971719469
3374,206.61721260330592
3375,91.99277401402492
3376,73.96448878443367
3377,169.4958656231624
3378,173.30535011185938
3379,101.03170086795276
3380,171.67807624789754
3381,228.88024796136838
3382,119.91487645565314
3383,72.49040821267043
3384,69.98533235032855
3385,129.33975874100244
3386,156.66078387893964
3387,198.7349813245788
3388,216.23842011282767
3389,85.49521773046523
3390,107.44063828690432
3391,70.08818083029489
3392,130.08106274516246
3393,171.06876445757155
3394,61.3233379005709
3395,164.67540197811203
3396,194.40587755527622
3397,168.12550258691238
3398,378.37358193148225
3399,92.05657140938908
3400,111.76847641416319
3401,115.55886288635404
3402,131.94354144002943
3403,172.521696080262
3404,60.58488079323949
3405,151.40487267208178
3406,115.51881098855135
3407,221.11610254893725
3408,122.37247901921279
3409,83.92023805099436
3410,136.54096937189166
3411,95.18436679673293
3412,247.39993316213358
3413,117.3290153644004
3414,280.36724638479996
3415,142.51041767909828
3416,91.31129176371743
3417,114.06910634135343
3418,222.82050721223527
3419,176.27204858682137
3420,159.82898358721917
3421,170.21699834135367
3422,75.71173916745107
3423,129.98412409110492
3424,203.35922501680963
3425,140.37297350382119
3426,121.68855477451577
3427,131.91081109220931
3428,92.24422871485557
3429,330.48173925441745
3430,128.47245993859093
3431,98.23901163638979
3432,148.92091670706557
3433,154.68267260002207
3434,66.11789188353669
3435,88.17616144176452
3436,75.55514452077897
3437,95.58308696439593
3438,113.86221884992307
3439,90.76582723455641
3440,96.49801634758583
3441,149.86215787780688
3442,152.87464701933925
3443,85.87051253468101
3444,138.17583415274936
3445,128.7838227001276
3446,113.68944843440174
3447,244.85168919784616
3448,178.97013634747373
3449,104.7326436417231
3450,129.88036008951713
3451,125.22050897089707
3452,199.2846805189189
3453,107.73017558453998
3454,316.5764838144564
3455,89.7497932752872
3456,137.98063680124062
3457,100.13090540791785
3458,126.90716051082785
3459,99.58927569642918
3460,95.00703725749814
3461,135.75348028952965
3462,168.12230606339847
3463,126.1877234632855
3464,211.49565918763116
3465,190.10920049327893
3466,103.09031564179723
3467,86.57756035676216
3468,167.90329707370518
3469,142.00366898560935
3470,203.16528841150495
3471,189.3994489151782
3472,235.8868304994893
3473,128.94126836508676
3474,54.65599035158308
3475,249.7205229527952
3476,133.74202239624424
3477,111.92722321930361
3478,187.99644671031731
3479,255.03794542260746
3480,125.95310001413088
3481,235.41667395589297
3482,153.79270027970955
3483,82.14250756496948
3484,245.0072613043954
3485,141.9538178696841
3486,162.50914630179076
3487,84.5821417639164
3488,103.77984443537282
3489,81.68822780306667
3490,75.25820498861975
3491,216.24851113760553
3492,190.68486966286187
3493,253.40084126358084
3494,78.48149413297006
3495,152.0334673562742
3496,119.12290989501722
3497,126.15180628810295
3498,164.47815968262313
3499,150.8815820039223
3500,180.95965287501542
3501,139.65061373039393
3502,197.04800601248797
3503,117.6665356966856
3504,156.95844393322974
3505,130.21707216046136
3506,123.95161292079976
3507,278.5856428448757
3508,120.20417453011271
3509,100.59693085766108
3510,100.45334260161
3511,78.14135603717119
3512,144.29294865093482
3513,86.83749742040501
3514,170.79928272224618
3515,128.79587965183245
3516,156.2023272884814
3517,159.77412429472156
3518,167.42236787523996
3519,105.72316582906357
3520,125.18261449461068
3521,175.168929726896
3522,159.7338220272837
3523,146.25652620658514
3524,87.3492882809299
3525,80.08036481667457
3526,122.70499277984409
3527,68.70029220952985
3528,103.92966923238686
3529,139.57214126764757
3530,126.68881784540393
3531,87.69811949441167
3532,148.6172535479269
3533,135.18587313300023
3534,174.64900042695808
3535,150.50290311666618
3536,127.97934750677172
3537,145.52546789276337
3538,176.5053988030646
3539,91.87490542667561
3540,140.2531694450918
3541,120.14107130396874
3542,93.98672255863755
3543,95.19566730894731
3544,105.83494938996444
3545,119.44324541314128
3546,164.82684983289883
3547,165.85125818878788
3548,97.20427577463626
3549,141.02996091710912
3550,216.2981277788893
3551,85.27213586617874
3552,67.30975780607548
3553,140.62172023335611
3554,202.8021972793429
3555,131.1131778989741
3556,111.07509122132097
3557,64.41118588760702
3558,181.2760860523503
3559,62.25141002854158
3560,94.36570309590266
3561,95.54433308635306
3562,96.60323686662369
3563,185.3166076577349
3564,137.5569721810732
3565,101.23840722201909
3566,124.24049338449224
3567,256.09678042568737
3568,106.59494365393378
3569,92.33391453027734
3570,112.6050119236254
3571,58.92845989976706
3572,167.78526961993794
3573,175.94057976266367
3574,176.11186459594612
3575,151.35495263471103
3576,239.72161013507252
3577,75.73237171709997
3578,117.1963677062831
3579,213.19104023983166
3580,89.84020990533686
3581,228.3684273000216
3582,107.70684959000457
3583,122.12087905325664
3584,111.32591010420998
3585,111.20097782575347
3586,168.85093217572242
3587,155.43080929983537
3588,112.68917731995262
3589,149.55648912089592
3590,99.35024205988643
3591,139.90440013867334
3592,144.01745541704673
3593,130.1021396291513
3594,73.40533102704633
3595,70.91587856078557
3596,129.4609779532579
3597,155.90593367098768
3598,264.2810295561462
3599,73.95487260655528
3600,199.9190520182338
3601,93.30890167575848
3602,90.10267621162869
3603,74.27320907268141
3604,84.73872191376991
3605,119.37746830813123
3606,168.62094088382162
3607,96.51496902748077
3608,168.35332486230175
3609,220.98189365384977
3610,147.9975615408344
3611,95.13007308480513
3612,88.17510912776459
3613,122.82497675742539
3614,124.74439676071549
3615,108.87218412204291
3616,190.55107313060296
3617,111.8888197447628
3618,203.46516666398787
3619,126.35029743379957
3620,113.73952810075406
3621,209.50337868739157
3622,136.10372913801137
3623,166.63555148672378
3624,173.00269697783423
3625,127.55549795645845
3626,253.5097290118323
3627,210.8104496562009
3628,104.98202044984106
3629,83.16975711184392
3630,78.26584256086541
3631,204.17146818558024
3632,126.00629488410881
3633,128.86941834030097
3634,88.68944718603179
3635,274.1315047777693
3636,140.973913011138
3637,72.69618711749925
3638,158.72247297414606
3639,75.77408033834472
3640,108.71264762732122
3641,78.50564664435684
3642,129.20808649095562
3643,117.09524498572415
3644,110.34274235882681
3645,121.31739494807967
3646,139.94668574477788
3647,63.42361883485412
3648,99.53008900597882
3649,133.32623531426736
3650,174.04893659568097
3651,286.6998463531176
3652,163.41176478665844
3653,107.71238007259215
3654,208.55428775492658
3655,132.24694153113566
3656,213.4110136024732
3657,188.60977330521376
3658,156.52349707207333
3659,139.83332692175864
3660,250.330831119278
3661,129.01186688754575
3662,288.84840989787824
3663,124.93705415421081
3664,114.0956129520109
3665,116.19417202014317
3666,115.9870040698456
3667,156.69880994355523
3668,202.33696386063878
3669,75.3500678568968
3670,155.94132097074706
3671,81.83995962106908
3672,306.65303017822004
3673,174.37339340258592
3674,249.27289387854586
3675,96.54753905784327
3676,251.94820753122775
3677,251.22905321514298
3678,177.47172998536183
3679,179.6098849586447
3680,85.693697182296
3681,87.82274351219941
3682,107.78786399132188
3683,78.51238886386317
3684,113.36864932937269
3685,142.62923999484488
3686,202.898263452447
3687,82.98952143208444
3688,132.54376374437774
3689,137.6457630846595
3690,203.00296986347868
3691,88.93013607241198
3692,130.89207288656263
3693,81.32825717456296
3694,95.98865698253829
3695,155.612137900456
3696,147.86569359540115
3697,147.1096072740603
3698,135.08596541715195
3699,88.44634067110616
3700,282.6158610794057
3701,155.95855262703657
3702,259.93434930740705
3703,87.56066965710902
3704,73.12022948383745
3705,182.90652310805365
3706,315.2159983536349
3707,232.6979139805254
3708,132.62649113150567
3709,82.26230119863752
3710,126.34370179753633
3711,85.76958195579158
3712,123.68738930361106
3713,96.04038383962256
3714,123.21615303472683
3715,141.26286044529917
3716,95.76403808367921
3717,104.74237156513442
3718,126.68163342991554
3719,153.86971058914827
3720,66.23584358177531
3721,87.71977959182583
3722,165.58087701945286
3723,96.65171508600159
3724,81.51746732936714
3725,128.16313220375798
3726,95.65473794161882
3727,295.3810027066728
3728,93.724657985156
3729,294.52725837235175
3730,123.01292235139657
3731,163.051048163794
3732,206.76518683334126
3733,114.05764649226671
3734,121.10762977579131
3735,100.24639060357134
3736,147.45101623696422
3737,98.44873796301071
3738,80.03000075323679
3739,113.44903253675916
3740,105.13856493157385
3741,71.29287119438926
3742,181.96748407494164
3743,185.21586349919062
3744,91.29772660270632
3745,157.8407012368587
3746,203.50912376562087
3747,73.8642295023412
3748,126.74822014525847
3749,302.42317160995697
3750,104.38303850708365
3751,182.7163818369836
3752,110.43337631940913
3753,132.3497400400677
3754,96.69339654000419
3755,126.36553562529033
3756,175.4110964782061
3757,78.02189029259601
3758,189.47075641813854
3759,84.08169880762419
3760,91.88772512521857
3761,187.78136013776648
3762,211.29689862023272
3763,162.68442767912734
3764,83.0049017942294
3765,146.97078009650528
3766,191.2639771252326
3767,213.59884730811427
3768,171.27002837132042
3769,320.34027499832865
3770,189.86861265806357
3771,149.18118680823775
3772,113.25235049691885
3773,171.2645363831651
3774,102.23956025319166
3775,212.12282419024285
3776,156.5594621401661
3777,135.8062053899199
3778,82.2684415051221
3779,155.89133882989998
3780,155.10771199992388
3781,84.07255497780463
3782,70.37594785173266
3783,94.08667176705833
3784,167.1403683297046
3785,202.2192773864383
3786,200.1288277477119
3787,194.31602764776582
3788,95.13146571405571
3789,154.41437269059477
3790,185.29962079713255
3791,148.93306175507647
3792,215.2896884406527
3793,151.56820359461153
3794,122.1746979889918
3795,144.17076054978463
3796,117.35261035546144
3797,148.13850673748007
3798,89.53348736912226
3799,82.55436902921784
3800,182.16139218690506
3801,172.2835856812453
3802,117.613407172252
3803,150.99826397387739
3804,129.55583677386824
3805,114.58382893720773
3806,141.50044166627458
3807,145.98236715642474
3808,104.54184214552447
3809,181.25756332251854
3810,106.3451632128135
3811,157.85971445806524
3812,167.59538781934998
3813,78.17615468087165
3814,125.633186687734
3815,129.02680735103212
3816,73.63001743666138
3817,110.91698295673285
3818,99.72611406952015
3819,137.42335881274317
3820,111.63832482583136
3821,105.31067560692394
3822,105.77223731086394
3823,157.02502727887332
3824,89.03677114195295
3825,59.777508967659614
3826,171.28045100855275
3827,93.4912192516902
3828,129.6124439075425
3829,102.42935702466872
3830,159.33878086397647
3831,79.0354896016407
3832,114.02995627452299
3833,103.79584105345384
3834,75.90355105554204
3835,358.77707618668035
3836,151.84928711579198
3837,122.78679126595864
3838,109.64601157308672
3839,110.64242884764374
3840,97.36781401716738
3841,82.84525705017386
3842,123.52400073022928
3843,271.1474138280748
3844,168.12263473964487
3845,113.02592398209966
3846,216.0338502065125
3847,152.20978727912726
3848,205.32827467113276
3849,206.7742396414414
3850,99.40800670859105
3851,201.5219209410943
3852,163.13543831078306
3853,112.74675016050048
3854,139.6009777763294
3855,118.25190734448107
3856,64.96653369140566
3857,219.50580249147953
3858,156.21169176545283
3859,92.50445628613336
3860,185.7763792221786
3861,137.91774470425594
3862,111.73884943479145
3863,92.29189652270638
3864,190.91888641874428
3865,141.99678185913416
3866,94.0805939584607
3867,96.13104797459596
3868,153.96294762030482
3869,92.9061943045299
3870,228.48065494308446
3871,124.63223525765406
3872,89.93278353809893
3873,102.15278315825086
3874,93.49947579202437
3875,93.21208478528409
3876,182.95149915029484
3877,117.13133072106648
3878,88.96427068267562
3879,292.61522706239674
3880,220.13267290458077
3881,61.80097480961592
3882,146.97346904789458
3883,89.4723423534027
3884,131.09557775125836
3885,94.83633656092519
3886,153.19789982180077
3887,212.71968497130916
3888,163.82244489654255
3889,95.59782247876379
3890,170.46390050950836
3891,196.8269732569573
3892,127.8178335862917
3893,106.63765377173513
3894,97.13876593703719
3895,211.06461846289767
3896,175.86176245127524
3897,103.79454709222759
3898,86.06606406158993
3899,211.46610974648218
3900,89.91766181575997
3901,141.0800245496154
3902,86.65933663945648
3903,84.88875297351423
3904,158.74700055081442
3905,194.6747858622814
3906,85.84914562991068
3907,110.78438491596064
3908,92.79444048363536
3909,192.37220133658184
3910,169.13979504090344
3911,285.05407753918655
3912,74.29009892039298
3913,153.49094801757775
3914,171.3297090751753
3915,157.85715145683116
3916,149.94699149806672
3917,122.32960307074514
3918,177.19544816334326
3919,73.01453326687668
3920,103.15669057067453
3921,117.55796053432593
3922,183.83171713397357
3923,384.0862401456109
3924,115.04461531338818
3925,171.8365982905754
3926,242.65906233954436
3927,91.39658456889042
3928,96.48380013898291
3929,241.47232321091238
3930,101.20637177017436
3931,287.13871590485405
3932,157.20461050965253
3933,136.8084715312001
3934,165.70342099280185
3935,205.2496522113992
3936,168.19400046376677
3937,172.78699350072392
3938,157.8361164834072
3939,156.44223153343765
3940,96.2300111813993
3941,276.01020232835447
3942,123.79156397727739
3943,206.79462161476863
3944,119.62069946189004
3945,185.1403915478224
3946,116.18626124407335
3947,106.64288050459172
3948,171.54730995991127
3949,303.8594287436962
3950,108.08997710553786
3951,118.85426885694665
3952,232.09999522269788
3953,104.2212123440606
3954,142.17105046059476
3955,261.8054481869714
3956,147.02794394454668
3957,88.12243018809359
3958,98.5013874572862
3959,93.35746330359025
3960,183.10632490213897
3961,293.3666624940804
3962,110.9211181739075
3963,177.40497337453996
3964,142.76583880724803
3965,84.31489637942978
3966,80.99467692997527
3967,108.17343717670002
3968,225.3250190473909
3969,125.8594563142934
3970,97.47159671312686
3971,215.16106298017098
3972,144.5129978572818
3973,177.61358464024696
3974,196.39520409006818
3975,123.07686582073438
3976,86.98607343791926
3977,181.27325098482933
3978,99.42070113091457
3979,118.2656734047539
3980,178.44654157836578
3981,144.55650846924053
3982,128.60211321868206
3983,197.62268965159544
3984,106.07829202800872
3985,149.01141525024832
3986,172.21809802353172
3987,129.5133416553865
3988,206.44156803194704
3989,83.58999557245055
3990,107.16430047497114
3991,110.0057206014277
3992,93.47132822348195
3993,75.35908962798865
3994,153.87750533865915
3995,85.74644748263435
3996,95.07246437348746
3997,192.33145200051445
3998,140.82542662037474
3999,133.6420537544397
4000,181.84127186856824
4001,187.64909224679522
4002,227.00593470218683
4003,103.28804223722243
4004,97.74742940156978
4005,142.90822352176332
4006,286.07512911797966
4007,74.7095570040976
4008,166.0507926784463
4009,111.26898715539816
4010,195.50397208644785
4011,134.08490139473244
4012,194.6388246167457
4013,136.19662697410797
4014,120.88360934741722
4015,143.8458982236365
4016,191.74896247892357
4017,55.1352202842679
4018,93.38450915228559
4019,107.7924308662939
4020,154.89110164075987
4021,96.01771166852878
4022,129.22427214021707
4023,109.08343583122577
4024,145.22933932405405
4025,146.47093087430386
4026,166.12813521584803
4027,249.11535682299416
4028,78.7289418404876
4029,152.09258088658206
4030,126.00232731452635
4031,80.67673774130495
4032,125.09150375389606
4033,121.4336058529552
4034,126.08445791785019
4035,90.55582547805136
4036,94.0586662019372
4037,145.54082331996204
4038,81.4515619539542
4039,80.5887326820561
4040,130.37922660637346
4041,92.31793276710195
4042,129.4968407501179
4043,180.0672785235942
4044,96.94387450476799
4045,149.1563529160472
4046,105.39750543971459
4047,94.17715749132094
4048,123.70312417349817
4049,159.76983555863748
4050,82.36710302613739
4051,139.09243503996498
4052,122.79370496521733
4053,124.91000776938984
4054,162.87472006753904
4055,183.94916763261853
4056,143.80630986018565
4057,100.48153151803226
4058,98.53719671897741
4059,294.1039948087871
4060,180.8174896447315
4061,142.44567883363288
4062,101.51712540286512
4063,115.74663678895288
4064,104.74984801603433
4065,183.0765940175895
4066,202.12884467350665
4067,191.17988315735022
4068,102.89635881297177
4069,110.7620934288469
4070,112.0016414370957
4071,191.03466262133043
4072,176.13898199064204
4073,105.62654008132978
4074,151.98524972490392
4075,131.25773502408867
4076,115.5480258926858
4077,111.40664097528779
4078,75.97543495142868
4079,143.7637499428123
4080,175.59798258397979
4081,201.59381630170247
4082,159.42741392010447
4083,235.60629104307483
4084,130.70680049290206
4085,68.80431386587261
4086,105.38425934539532
4087,142.95495136818658
4088,168.27548209623615
4089,95.34616013681169
4090,100.4610003121587
4091,121.8339468454628
4092,147.49110416099768
4093,116.68563707744042
4094,77.7612089189472
4095,87.62516262909368
4096,145.28560307675633
4097,336.36432607856256
4098,73.4086662594191
4099,143.71050272938913
4100,91.30161199161817
4101,105.50391605932839
4102,62.7198062334094
4103,107.79005734128275
4104,85.13423929770934
4105,92.51273340814217
4106,109.18186678658734
4107,291.9450692021194
4108,95.65319132852095
4109,149.21799556530752
4110,204.90888186931397
4111,234.98065449867482
4112,87.92115747990204
4113,114.53206070797212
4114,79.42654797208338
4115,79.78558496296664
4116,111.1080876794565
4117,113.73030917782764
4118,116.48359023155932
4119,115.88829789975294
4120,102.43367134604622
4121,212.64419605623038
4122,168.60092795151843
4123,187.11075200846432
4124,87.26707287625297
4125,83.64985478499275
4126,126.86974897088535
4127,118.63212508100955
4128,93.36756130954677
4129,160.30212268024292
4130,153.2914517825825
4131,200.38180823499374
4132,117.84920907110126
4133,127.88507270071467
4134,151.8962720409798
4135,143.22026015122037
4136,91.79573840993706
4137,278.29992552614783
4138,173.80655636251427
4139,96.89715085863173
4140,81.09034376077284
4141,153.38241407071052
4142,123.04310046378521
4143,83.1205664803715
4144,158.67304761893638
4145,116.51243577565938
4146,177.5903735645385
4147,123.52044810034319
4148,117.99916719196065
4149,76.02892119573892
4150,107.18945612574652
4151,168.29231053693582
4152,118.85269177080369
4153,243.40065841610095
4154,198.22246475804576
4155,118.77869091177446
4156,74.46334688185341
4157,201.58532608911742
4158,116.10261558571204
4159,142.37968975059613
4160,122.26153032044427
4161,81.07063816453959
4162,245.64165899288602
4163,164.50865715738868
4164,167.52670516197452
4165,119.46728560223966
4166,122.69419491770873
4167,143.96865894859715
4168,122.002584230251
4169,160.82542645128945
4170,123.60956545965942
4171,154.79637563786866
4172,176.9169560861264
4173,157.92000401906472
4174,111.56359238408228
4175,140.19910603057613
4176,176.32451141240847
4177,106.80468521608081
4178,90.77462658202838
4179,79.74598893562418
4180,175.90226229446714
4181,207.4170460882183
4182,109.89991041652519
4183,73.95889988802242
4184,236.48858249235587
4185,165.2920336031476
4186,125.61370860240027
4187,79.17313607783665
4188,72.82878712987824
4189,179.86987627576218
4190,86.0238643691246
4191,190.62547394620682
4192,112.47687604938403
4193,139.99096648393936
4194,81.85621835619652
4195,129.5598551947163
4196,106.9680766832701
4197,90.91170621606754
4198,62.18502741833523
4199,103.3968287711298
4200,192.58546760288226
4201,143.9511405281669
4202,133.70819968345873
4203,186.54980623176823
4204,95.84776009652131
4205,206.7863669402827
4206,211.64721174842106
4207,86.02879936473899
4208,73.89623698464652
4209,88.25253833513334
4210,237.90109352987008
4211,139.18383796554292
4212,111.15779154936712
4213,107.82164827511059
4214,201.36765058890663
4215,111.20320039156442
4216,106.14950823732568
4217,98.50461592720666
4218,86.74206139432317
4219,159.5703076174786
4220,110.31465032431444
4221,207.51691290678173
4222,227.93583286971045
4223,239.08184349449095
4224,94.14188994656627
4225,186.22084129470818
4226,96.8130344800099
4227,105.2580314264444
4228,206.24024660153998
4229,109.80318705534715
4230,78.17916010376086
4231,238.10385399228895
4232,186.91522795830556
4233,204.00465985905413
4234,270.0135642912305
4235,167.96895399763724
4236,102.52888693960789
4237,167.09869688507834
4238,142.60023159371656
4239,135.06167290676314
4240,158.5612459277835
4241,114.87908069505409
4242,128.03109566305375
4243,108.09950256878028
4244,175.47341972884843
4245,68.78731629175851
4246,92.6336657373544
4247,179.84762170469384
4248,108.04943023082507
4249,226.7307965070837
4250,83.61925867020724
4251,210.91606132532866
4252,53.447531239975255
4253,151.4886511766037
4254,113.84927552573083
4255,98.20525034272161
4256,130.7402887893429
4257,150.14988685502937
4258,125.32790471422373
4259,80.832795589836
4260,258.16992625006606
4261,78.39968349050645
4262,94.97265958953942
4263,155.43845846085188
4264,208.8737661252621
4265,148.77515159871595
4266,212.37343251994622
4267,219.68498223053447
4268,159.6619678676618
4269,119.79673572184561
4270,107.73452280671933
4271,156.1922717346255
4272,169.46662719048004
4273,87.18218048695486
4274,82.35663561066465
4275,88.88218401927787
4276,94.91648962201174
4277,136.79470549513843
4278,112.65147377411319
4279,157.99782723900043
4280,94.97006184541002
4281,144.5097527664613
4282,113.09692932019254
4283,206.36163416746527
4284,177.58618706551158
4285,209.15023066077288
4286,270.6090243882845
4287,157.8500150294406
4288,73.26376648992455
4289,131.30529369890036
4290,228.84025177095552
4291,95.41581614432437
4292,170.0057059200007
4293,78.06160616235616
4294,94.1305023519167
4295,205.38764487256248
4296,94.71893350237318
4297,110.41513970797713
4298,90.02185850657696
4299,98.30862678415517
4300,97.98508415192345
4301,95.75800543419965
4302,182.31273373954366
4303,187.62266142909112
4304,158.64453822996506
4305,144.65410766378207
4306,179.5996317432145
4307,159.76832956806305
4308,166.95090053405295
4309,143.83460623579884
4310,82.1370597992395
4311,130.86301112170855
4312,182.61135935981068
4313,70.92425683073985
4314,215.1109772806046
4315,228.54329433627868
4316,93.26423766851201
4317,140.57520531961902
4318,225.29177658998927
4319,201.13649316649798
4320,141.7862057819302
4321,290.61941282933185
4322,78.541419657998
4323,101.1589049444496
4324,133.59603482657894
4325,96.02500938166615
4326,281.6776651328938
4327,322.43511172080343
4328,97.7762776249761
4329,125.45006876789813
4330,74.61706600619036
4331,138.80767389782267
4332,99.55721086677893
4333,196.8383621382887
4334,129.75182869555852
4335,206.27727255786215
4336,125.95352059965909
4337,145.32296424660046
4338,111.2554034833599
4339,160.15784966290153
4340,89.1155256290454
4341,79.5889097873481
4342,172.09581667800052
4343,80.00121195306045
4344,139.63954088151945
4345,133.06065101297435
4346,269.72131543279534
4347,149.50712714264836
4348,119.01809803400081
4349,80.28500088917377
4350,130.1732106948099
4351,210.04232739269747
4352,93.94483211665087
4353,182.49071002454036
4354,269.1349038609528
4355,252.42315817283145
4356,172.61924475272477
4357,171.22305357499565
4358,124.77823135472372
4359,153.0066824875741
4360,147.77510499175045
4361,188.9052294482373
4362,146.13618607630053
4363,124.8583527155216
4364,199.22659058973275
4365,93.80474276493443
4366,202.59575309935474
4367,104.68702622405618
4368,83.49315294383031
4369,95.72563234732473
4370,136.4513858431126
4371,177.2222434169485
4372,139.87437417914978
4373,232.07537779863128
4374,178.60195174519365
4375,174.3219104790012
4376,89.74275589335065
4377,220.639585960238
4378,115.50962293767762
4379,128.61828442043134
4380,190.946752777094
4381,115.6245161253189
4382,158.7141196149666
4383,85.12763221021743
4384,89.11069710502711
4385,108.10041839667821
4386,146.2302807817186
4387,107.28382424089367
4388,133.739650263082
4389,97.47720726409372
4390,93.48524784603036
4391,196.6580660184772
4392,150.1703197712842
4393,130.54207204550818
4394,242.4027420039876
4395,149.02035771006084
4396,107.92987532109156
4397,95.42970050239151
4398,91.53484779665287
4399,114.81084300404052
4400,80.96016324729483
4401,105.91595877008135
4402,135.71606086641913
4403,108.13517455860999
4404,260.8079052450622
4405,105.75675591279366
4406,105.13054188875603
4407,128.80202160260154
4408,141.25645308872697
4409,178.20739955810126
4410,95.51035879473623
4411,184.54507885263556
4412,90.61286526645779
4413,82.23214081477873
4414,146.91908936211627
4415,101.52983428526497
4416,125.80009629826469
4417,188.1682371636166
4418,162.6674753739136
4419,109.69247905129457
4420,128.37521264732982
4421,89.19508755093722
4422,75.60959642730623
4423,158.48041329230102
4424,156.66148729936958
4425,76.5766903665955
4426,117.38537779921208
4427,75.0132935865434
4428,73.9563176748442
4429,124.73917451061318
4430,100.1979145949316
4431,122.96605535393923
4432,202.99655023503357
4433,93.22060643033291
4434,121.29231127851563
4435,89.83547137042991
4436,82.0853960155311
4437,76.80956922642703
4438,189.76376666171043
4439,213.89503489205595
4440,102.68418665317128
4441,92.60472322662383
4442,99.52494763734028
4443,111.33724067965163
4444,198.14355431812396
4445,239.1055656642032
4446,214.48214426153476
4447,143.2236845208855
4448,198.1776950880086
4449,92.05012045159299
4450,72.89743750935632
4451,102.46064135850332
4452,107.77551108947713
4453,174.88053684570116
4454,82.7980809928614
4455,205.1860911662516
4456,122.79179841695321
4457,112.67437263646661
4458,95.83324591190006
4459,141.52957459726792
4460,100.41780613381593
4461,49.19736153179456
4462,111.41014290731695
4463,101.26431781947731
4464,224.83850574176853
4465,144.7203508892855
4466,192.18800664479585
4467,228.09483765130125
4468,163.34026047187405
4469,272.27320966827045
4470,175.4259416613046
4471,76.44385954557809
4472,122.2073791405591
4473,244.27808832474
4474,238.27183978770069
4475,179.07118445697972
4476,89.39442464861713
4477,146.8903811871484
4478,101.43810727552804
4479,167.55721723198027
4480,133.61038057374617
4481,115.79541094611902
4482,198.96645438379966
4483,108.83420487895191
4484,138.87100732682546
4485,185.11422870147823
4486,147.74586720740388
4487,110.03901331339054
4488,90.67318776328602
4489,165.02595154187227
4490,103.089688506143
4491,113.11521205781932
4492,184.22798409781814
4493,92.51265355884067
4494,187.3471723004358
4495,73.1863361329026
4496,65.11703640045883
4497,262.08243823485776
4498,183.19971495209296
4499,145.0420970902614
4500,89.68333155677786
4501,92.80334772126356
4502,98.14522842964465
4503,102.70283435192593
4504,166.40670038461653
4505,142.5975353813305
4506,131.76643874089893
4507,162.57553281788665
4508,93.0210971529332
4509,215.9644235439989
4510,97.04458290309799
4511,70.37761356602492
4512,76.5123088389667
4513,251.4964736124397
4514,191.44210349641537
4515,120.12940099701191
4516,77.7150745769502
4517,93.66303308658112
4518,131.24741460087748
4519,69.2832126258399
4520,97.20163113726845
4521,98.20295648657887
4522,106.67454365723385
4523,156.98836478814457
4524,114.40573367133192
4525,140.13034452714462
4526,67.76559528923033
4527,115.30836465891525
4528,82.49122353050818
4529,103.98153517184298
4530,87.21295907397874
4531,76.18512389665165
4532,129.7785523387524
4533,141.17081136797336
4534,81.80757907767136
4535,76.41354213752967
4536,63.02373091207905
4537,158.34448161473523
4538,113.43399479287714
4539,240.03540524823407
4540,242.9747747705458
4541,179.06754025822443
4542,93.6305519920798
4543,115.67430795718593
4544,112.97497598367178
4545,131.30766093678136
4546,90.88519434767828
4547,107.26502441232397
4548,106.61877133829276
4549,196.61414673663992
4550,113.57564318581805
4551,86.67618954856178
4552,93.77911286715756
4553,128.334427753186
4554,140.46822492487053
4555,72.76585949308057
4556,107.27609904974382
4557,77.64057796842991
4558,113.98407931203312
4559,171.3852197327833
4560,96.26345258999285
4561,242.22087868261661
4562,306.9322578799199
4563,165.59462492144567
4564,112.76993283328626
4565,90.09907414181207
4566,112.61531979946452
4567,304.4140061622679
4568,123.91191455245983
4569,161.06368893012612
4570,185.4479651572898
4571,100.61369635573044
4572,99.88894444010846
4573,188.4638163008155
4574,119.9991535440824
4575,99.0151225291018
4576,72.10646527538424
4577,248.43216361116268
4578,178.26097750525105
4579,187.33809509980196
4580,185.7502003481041
4581,168.91205034537785
4582,199.70806297310946
4583,263.2682909088027
4584,254.4397101288272
4585,257.1453218040518
4586,173.81529834232953
4587,90.27974236643391
4588,276.7170507678914
4589,155.00757469229694
4590,80.5496635628816
4591,125.10937106849406
4592,276.28821266888787
4593,56.02110220717292
4594,104.4271424008995
4595,66.57835529976067
4596,121.84445873974683
4597,136.4273065516133
4598,118.12875654822935
4599,392.5027124305153
4600,110.0873559200125
4601,162.06289356322367
4602,151.0591184825803
4603,79.27228454449661
4604,232.81926286343804
4605,106.90505994770207
4606,167.81195094095824
4607,178.3719737079865
4608,94.61773706018207
4609,191.59068465447373
4610,146.37521986250363
4611,219.6316469273919
4612,233.6892851464662
4613,137.1694733037518
4614,129.82431833687374
4615,212.94393132843436
4616,145.93891734569473
4617,155.9388599387721
4618,207.6789085556597
4619,80.40142327404214
4620,129.78207332665977
4621,114.50986878412249
4622,124.46632453066215
4623,179.97648535638825
4624,259.0689769250022
4625,187.06679085537584
4626,115.21388183729938
4627,96.68672139365427
4628,146.4867393629296
4629,64.00657111013359
4630,120.39992178269347
4631,156.02625621832325
4632,117.83051803864153
4633,60.53047540706897
4634,78.42666301743355
4635,111.48026489399302
4636,152.24548791847167
4637,261.16530466638596
4638,105.99098019723232
4639,78.45381681900082
4640,160.1942437229821
4641,100.11816002437422
4642,125.98447416143746
4643,66.72405164907408
4644,163.371249813489
4645,125.94307445792806
4646,110.5041207748386
4647,129.11431625188024
4648,179.3246383193713
4649,102.56329015226744
4650,151.28153506208466
4651,97.86181998489519
4652,138.9183339217655
4653,332.090969343276
4654,85.20837213167776
4655,115.05385786613961
4656,186.38033456881817
4657,169.73760123575892
4658,144.41939281274563
4659,151.53638124381538
4660,82.6861474796078
4661,97.74500116785677
4662,264.073247119212
4663,85.17702470311957
4664,183.06832505372432
4665,107.54224962478725
4666,95.14614939046471
4667,201.5791420923923
4668,193.6813756831044
4669,291.9539324553107
4670,185.1310310533006
4671,137.29156504417497
4672,111.76715856887768
4673,164.387979948905
4674,83.5201691718943
4675,95.26328197153902
4676,124.2813819570775
4677,128.32882036360954
4678,238.13194156364398
4679,165.21095599165938
4680,115.86989527199913
4681,183.68728911857767
4682,110.0244335202301
4683,82.48574328535969
4684,75.73060585355084
4685,78.31716419364253
4686,139.22776293048008
4687,91.8969272434417
4688,118.60877237425632
4689,181.68719620884934
4690,103.6286409134677
4691,117.23256007513086
4692,108.31796502808989
4693,109.73904314759946
4694,145.14382572459618
4695,288.6086943589372
4696,75.28877647389623
4697,143.9993659113267
4698,110.65207736063815
4699,77.86388983766888
4700,152.51358328028604
4701,107.75464470074537
4702,161.7578040416072
4703,297.74051044792304
4704,90.54154347372665
4705,157.60220130579395
4706,75.19672823698636
4707,97.36309900061741
4708,164.7323968581189
4709,164.27663609610653
4710,135.1239786345081
4711,127.83902265945092
4712,180.80669137812382
4713,112.82763518352378
4714,214.60995428157256
4715,96.71381339164876
4716,71.8073146123787
4717,144.19876037748404
4718,88.48850923733627
4719,194.03904948143364
4720,124.89239464449074
4721,128.10010281042634
4722,92.68652641259811
4723,152.30733890698718
4724,211.4052089303895
4725,141.67037576222663
4726,181.28188999781355
4727,148.10990627715614
4728,145.02053396979778
4729,154.17391939188903
4730,105.20059106837726
4731,150.61338570980053
4732,186.4031951325378
4733,104.17500685345243
4734,301.0737025748158
4735,144.0153455042069
4736,197.19929060828278
4737,91.75510914706624
4738,82.60389319788666
4739,153.59946466103378
4740,127.77829550525804
4741,78.74844964361414
4742,92.59742031631828
4743,99.23620457755042
4744,61.08822700535098
4745,150.71480697134223
4746,77.22069382619408
4747,133.8306001570616
4748,90.33282312223503
4749,140.48306913132328
4750,92.68778665830395
4751,147.4090118184899
4752,146.76050148118208
4753,77.92383625750294
4754,132.18720143532119
4755,208.29218506794663
4756,173.44502251480833
4757,102.64780621400448
4758,114.73852793385166
4759,125.19341077291836
4760,134.71691629143157
4761,90.04393229513738
4762,83.15395999616777
4763,111.33397785320983
4764,212.46341779878145
4765,181.6824920597329
4766,305.41927100497924
4767,117.11668406448327
4768,103.39578896795642
4769,321.2317507548687
4770,179.73689319600518
4771,108.05555132171104
4772,93.7248903926656
4773,185.43162535873319
4774,160.74715039604294
4775,173.45443378809108
4776,136.24156300363535
4777,185.33021444498885
4778,67.46788968808872
4779,86.06840840047042
4780,198.34683170992005
4781,178.2825381163678
4782,154.8685877565884
4783,126.70501430237712
4784,129.7198588942491
4785,112.65898686930421
4786,109.02453621799586
4787,237.27496595233475
4788,97.23994761953011
4789,146.7740845529827
4790,94.24345343828328
4791,77.90902533232085
4792,154.90064147238544
4793,72.90593850522902
4794,141.81669649550213
4795,85.95571200129635
4796,94.0743038456559
4797,173.57638429115318
4798,100.52969769790784
4799,90.66997147756032
4800,171.3243850321209
4801,109.68047728113712
4802,113.03966035426546
4803,257.71421748562
4804,104.03579452946482
4805,201.2284869049345
4806,154.1767033315466
4807,67.71090297274131
4808,72.51628677458501
4809,145.56966372930765
4810,122.87673101217699
4811,127.51797096200495
4812,155.8786854862969
4813,102.72023372895276
4814,116.67087985753085
4815,110.2194828781785
4816,150.50951616329436
4817,193.8630038689059
4818,103.53433166765502
4819,142.2691355033128
4820,166.66318214379538
4821,95.57595789076991
4822,119.30901972810264
4823,99.51551836138965
4824,79.09514491702055
4825,86.50918461079625
4826,109.15052004100018
4827,254.18574883125544
4828,221.65843304196366
4829,126.50107969922516
4830,217.9941001433896
4831,114.54440796389572
4832,213.48317726445774
4833,147.7703323673886
4834,105.91753996188874
4835,86.27481729222237
4836,140.88412095838942
4837,217.6014544194453
4838,116.8843107458078
4839,167.09107418579174
4840,97.86047208948295
4841,195.8092634032604
4842,219.44964014348108
4843,278.4298324863402
4844,302.2568260225567
4845,148.27701507641103
4846,117.38780022680253
4847,116.77909575404074
4848,144.68790569182022
4849,136.76354228830684
4850,150.18951316942963
4851,109.16166067391022
4852,96.22674098780215
4853,211.79151752754626
4854,99.68717750633158
4855,79.34854250623755
4856,215.42191226228337
4857,71.80765471423263
4858,109.54452592989014
4859,77.8608902864097
4860,152.79218063143477
4861,96.05082997340236
4862,111.8463341208369
4863,106.49723314037105
4864,108.51676768567921
4865,190.8315153587969
4866,92.10541250873042
4867,175.7202744768232
4868,120.57219073922352
4869,161.22162149898642
4870,75.22980749413173
4871,201.3700813096895
4872,105.87518169771522
4873,113.52921380246988
4874,105.52406537381407
4875,109.99890453685242
4876,94.52849499546465
4877,87.31437836630046
4878,107.05163614975072
4879,106.39660655292532
4880,96.07769051680724
4881,78.93324816081389
4882,45.81125090432862
4883,113.1754776377996
4884,133.52887563353178
4885,94.69707134351779
4886,196.06351546305754
4887,119.3175228156839
4888,122.93896188786103
4889,256.53039616676426
4890,124.36489941612732
4891,196.6884346200685
4892,174.643727117001
4893,119.79651089913123
4894,118.04811783023325
4895,66.3179443093183
4896,109.4079347352334
4897,109.25691177540054
4898,186.63508665652327
4899,71.96756504073647
4900,120.07126837632939
4901,60.059687164943156
4902,194.17039163354312
4903,85.58921966524909
4904,217.67184126108825
4905,166.720497487131
4906,142.2872791601382
4907,132.2698745803487
4908,150.5407654546751
4909,84.8240555560161
4910,149.25781033075427
4911,97.75999358467934
4912,134.8823071983761
4913,167.05726603916645
4914,158.51034137922872
4915,74.15573356629973
4916,100.4872601759748
4917,105.94976520938454
4918,98.87124623097694
4919,120.22954133636507
4920,201.13181499200874
4921,85.06939701512636
4922,73.6688278726181
4923,171.17926179753903
4924,159.30983959477084
4925,145.43447039226794
4926,89.52969933927534
4927,228.9863885578111
4928,146.7084756237566
4929,154.42116094510538
4930,160.76586294664068
4931,111.82616890502335
4932,275.615782201148
4933,115.53747305645754
4934,101.04625125376788
4935,167.052493929907
4936,243.92083587894442
4937,83.3216847729297
4938,190.35048760084698
4939,134.29026919093133
4940,140.16224504423099
4941,91.69863878821857
4942,85.17377680524245
4943,192.54385025976126
4944,169.58654801377781
4945,170.217007177848
4946,83.40562753538069
4947,87.38690972025492
4948,169.1435989433703
4949,117.97224919211509
4950,149.3641797959803
4951,181.7465210841704
4952,48.4333201977873
4953,73.78105413148648
4954,155.2512380487895
4955,176.1094809098389
4956,90.98698201600868
4957,85.26582926811056
4958,179.06341736682555
4959,185.7620506353324
4960,176.39686804448485
4961,210.14766283506455
4962,101.24756200604845
4963,131.30073379505086
4964,190.2695835245022
4965,166.62932092726322
4966,187.49732920708936
4967,84.6399963148102
4968,131.07731025669506
4969,149.76150646077244
4970,80.595002394365
4971,85.08206604687307
4972,135.2874684086978
4973,129.33944602225793
4974,245.21317183762466
4975,179.8446278233909
4976,105.78828273003565
4977,172.44679853637092
4978,83.17160873549327
4979,107.37787580091518
4980,201.89491098833653
4981,210.0935127033859
4982,217.11677274402803
4983,209.1752448798491
4984,73.01766583437318
4985,102.40284673803424
4986,99.83756005315107
4987,153.12517985168986
4988,83.79657352267854
4989,115.93675073521275
4990,210.4547507189361
4991,176.60532640954727
4992,230.64735603703642
4993,169.48051777454327
4994,157.6869667524433
4995,162.52157274834897
4996,89.41183961409808
4997,93.50221266655785
4998,134.81218045246558
4999,112.18903105740787
5000,276.89026894892896
5001,272.695600961631
5002,80.83923465759642
5003,120.33820043047919
5004,113.70792893188226
5005,248.160038575143
5006,250.34693122501096
5007,148.28848372351615
5008,265.70172669642886
5009,90.40290089039259
5010,91.86423993195739
5011,154.16523443373467
5012,139.83935043355785
5013,104.00626041967767
5014,88.90974346566173
5015,227.2388643982908
5016,90.18698066774152
5017,165.51942493903684
5018,94.97541166350723
5019,124.69540363342338
5020,77.10626501887403
5021,144.81160260060008
5022,189.80224696928298
5023,102.04489751216775
5024,58.63928853532521
5025,86.65167736044381
5026,120.13928812192259
5027,80.00011305417007
5028,152.18070925232246
5029,159.06629902054073
5030,159.4843349344643
5031,136.45669309783673
5032,93.21229434443646
5033,142.39326605803035
5034,155.60330159169712
5035,92.0464719607106
5036,164.00049954164407
5037,106.81506432181055
5038,125.37462889945493
5039,142.06366257142932
5040,163.3232888738475
5041,128.49919528149954
5042,121.10164221230158
5043,128.79452880186383
5044,126.47581143814337
5045,108.21324041003136
5046,268.217674234127
5047,84.65159458777745
5048,98.54702687896018
5049,195.1246357798809
5050,223.9157554479675
5051,90.97653547416007
5052,160.64470141350867
5053,256.0043095074726
5054,87.98997134766307
5055,122.29678316084829
5056,202.18453449633733
5057,217.77783156655593
5058,139.19229929915844
5059,153.86070016348134
5060,126.4446330597902
5061,103.21543278536758
5062,150.17064622153467
5063,99.31277245760339
5064,136.08590451085908
5065,114.88022717058752
5066,146.2349885851003
5067,122.43689574227079
5068,115.6606444845257
5069,225.90373769475195
5070,182.59752733401115
5071,101.14524467845459
5072,73.71261602157962
5073,182.45481124073973
5074,76.70045402508848
5075,93.46083019617913
5076,134.4911492784372
5077,96.10845136863867
5078,171.68119701879147
5079,94.00728961667596
5080,131.76837839342056
5081,250.86631275920345
5082,91.31335745936109
5083,93.03106388511442
5084,145.0007471794603
5085,162.1003285433542
5086,66.28365987395632
5087,284.12919334825256
5088,122.55440163533349
5089,83.89077406966153
5090,182.2168970738104
5091,220.63983973972898
5092,84.26368128765951
5093,91.58889693674652
5094,214.5085034967182
5095,164.55609378666836
5096,116.43352731987572
5097,153.41671053395663
5098,272.70301064994055
5099,213.77608029885425
5100,103.4806034956435
5101,272.92243756656524
5102,75.9125371996532
5103,127.41989956631801
5104,201.9372188919955
5105,140.2311541133663
5106,291.25662240871173
5107,94.97169375218058
5108,95.49608093495205
5109,131.8574959809955
5110,102.1370640982205
5111,76.63100120192111
5112,209.04568923482003
5113,252.58139777074388
5114,115.30377597125683
5115,186.28096986752828
5116,217.11522631728553
5117,156.95278879490294
5118,138.90950714419733
5119,100.88118448512215
5120,104.19740346228119
5121,62.5083648536452
5122,62.28989935084381
5123,105.48750839374539
5124,146.3019409417158
5125,80.99681973643564
5126,150.31201104015128
5127,90.1422755529392
5128,95.17854240835507
5129,218.2124478462047
5130,99.22892276929113
5131,94.9118055513427
5132,128.1282859038078
5133,102.69055350370549
5134,102.16449779078889
5135,90.84658806480127
5136,95.90857051221816
5137,130.95985883585695
5138,176.0124610683388
5139,139.88508020179603
5140,118.9195205783143
5141,134.97285613473025
5142,139.81674125495059
5143,143.9549415193511
5144,126.18381982061064
5145,159.70548260952773
5146,73.18418539879173
5147,121.48603780769213
5148,61.606617110130635
5149,76.03375004538296
5150,124.63505391945276
5151,227.23159463174284
5152,175.04399479100238
5153,108.42453484951672
5154,122.9055548794092
5155,212.45662740603825
5156,107.17492375260761
5157,79.81088688251089
5158,109.95469952721515
5159,75.43359110337985
5160,176.19965102711274
5161,125.93308189656648
5162,204.35812809325972
5163,184.19448276069576
5164,114.49704996149747
5165,173.44880788433858
5166,220.78313783131276
5167,165.82860013280853
5168,242.02476165577065
5169,320.5418672334671
5170,168.79176230446262
5171,141.9938551650189
5172,110.75003696833046
5173,150.72495039535247
5174,180.79562690094394
5175,196.399283252355
5176,129.73425469499722
5177,103.8128159054092
5178,93.79842707427589
5179,106.18238780078599
5180,138.4731972379426
5181,165.99922072754117
5182,255.5150191619112
5183,176.21620438900234
5184,129.1794554909573
5185,95.10875967084303
5186,76.07182956317538
5187,165.07658554472602
5188,71.69864872817809
5189,103.23954748703039
5190,105.63138063449108
5191,90.44105861865314
5192,107.98189364253508
5193,160.38181738335004
5194,169.33881718725587
5195,142.20024425559677
5196,131.4557488715363
5197,82.5871706860828
5198,89.84577915725689
5199,238.29379137534983
5200,118.6659411177196
5201,281.2205117821153
5202,146.8645143976443
5203,201.1111197479954
5204,161.75462805747722
5205,238.22856682056855
5206,160.9759796308149
5207,128.7568672484981
5208,82.4027278911775
5209,103.84338100453425
5210,119.51896466482336
5211,291.2877234608198
5212,133.17285859519387
5213,144.01018534021097
5214,88.78533244685704
5215,128.009691112241
5216,78.45410032905566
5217,122.21631727640764
5218,113.92997924859876
5219,265.1848211265598
5220,89.55212743576081
5221,170.4297513576399
5222,132.6388591718991
5223,143.49646432132542
5224,155.4680053184927
5225,185.6575689070349
5226,161.9509884006939
5227,99.42082037469791
5228,80.96847233906055
5229,128.45969480766135
5230,99.70548823205922
5231,103.64514626157788
5232,191.0967252102069
5233,130.88131894778274
5234,98.64486788135508
5235,123.61063639028524
5236,109.02326132304806
5237,219.5094932350434
5238,107.20561020302858
5239,90.95012019144225
5240,129.79865569456385
5241,103.3941009811241
5242,139.91261998978771
5243,111.64361949781292
5244,216.6826580820184
5245,61.44335679641174
5246,100.38026040245533
5247,119.28415343339353
5248,118.63833724672116
5249,93.10477303683811
5250,111.09903183401867
5251,142.78641936236392
5252,143.450778070343
5253,174.4597797175013
5254,179.1699728266653
5255,241.2521885025074
5256,74.08070463047164
5257,152.34439667378837
5258,78.0309417556809
5259,128.086300542647
5260,93.37765540577182
5261,176.92904527846582
5262,224.40508724768665
5263,88.09824843986542
5264,106.70193298920556
5265,94.16333461218568
5266,186.5510858117441
5267,157.2272756451057
5268,100.11177494935542
5269,164.7930104983046
5270,209.34942555909242
5271,102.38371248504187
5272,151.8557723223003
5273,106.05374215255543
5274,180.5669082396655
5275,78.20106315888917
5276,116.7288520537079
5277,84.04877095727511
5278,81.71690260771587
5279,115.5767757738995
5280,96.27501957374722
5281,120.29242639427528
5282,132.66112913248622
5283,148.39905362761368
5284,231.09474593587044
5285,87.68861262183628
5286,153.55151625941988
5287,60.0218379664997
5288,168.86780341003515
5289,90.67546116341046
5290,130.85291861281607
5291,120.92645489728804
5292,77.1256956152277
5293,287.2665536119199
5294,74.54706982203814
5295,141.0795830198153
5296,138.2364777200611
5297,117.01606762731575
5298,162.69754834643402
5299,139.18857587177456
5300,94.84300576654252
5301,157.21726557505625
5302,78.07382918452953
5303,108.8938427299746
5304,169.05867862159715
5305,114.9042926315766
5306,98.80991183310309
5307,89.97806710648808
5308,145.9679208720111
5309,108.81680908813205
5310,97.19745561927068
5311,153.45402352288866
5312,159.49887446650922
5313,114.27843088510664
5314,134.53755599715925
5315,127.86648886938872
5316,114.98109233302822
5317,225.98504880374745
5318,94.41342251723285
5319,94.7801533157214
5320,102.58724654178347
5321,186.65052201951727
5322,192.837041896976
5323,118.00935152288714
5324,102.23800706746182
5325,93.7177104781563
5326,87.79495187410987
5327,177.3673789337974
5328,187.84705261479507
5329,118.90459917615836
5330,68.92058293981853
5331,151.60843837606535
5332,289.9539550384706
5333,80.51799484211283
5334,93.54936614619368
5335,208.55885683273112
5336,133.3827729507425
5337,83.80268815868165
5338,167.29209003174356
5339,124.85540586893178
5340,105.18318587021673
5341,109.94504541634291
5342,96.05835156380334
5343,250.10686032452097
5344,164.4694810541818
5345,102.38052612811772
5346,112.1163854672335
5347,225.46374257104975
5348,91.27238175536752
5349,205.2951772941537
5350,176.2416639335301
5351,172.54658866183556
5352,129.32693268755855
5353,151.34526020248788
5354,104.82467196137023
5355,125.92125631868646
5356,107.44686819597544
5357,228.25869908589513
5358,94.47341828288224
5359,93.66284256895689
5360,99.94774796453918
5361,153.93563017347114
5362,256.16508739824815
5363,186.83709786574892
5364,160.32423376876457
5365,122.33385701907139
5366,223.3445579438631
5367,102.74415647401378
5368,105.03381805629729
5369,66.70374996733531
5370,227.24488080064742
5371,88.92320590874667
5372,175.07018134205967
5373,135.604201401549
5374,178.4568614574789
5375,146.9468995588552
5376,136.74174031642804
5377,168.77149304983104
5378,81.15580840316889
5379,57.42478588612141
5380,57.899595266910794
5381,169.29143614355954
5382,221.5469324290208
5383,132.14900913113118
5384,83.24427002184471
5385,116.89770658068127
5386,157.69900262374125
5387,170.81628598190298
5388,116.63988418397523
5389,153.1921063739323
5390,222.75673779401365
5391,121.8355042260082
5392,102.61293653602164
5393,124.22276783833817
5394,99.71246813118555
5395,146.2684600848273
5396,134.15220827483319
5397,214.75555944420555
5398,151.3560303820997
5399,153.6929082708189
5400,84.19452221369059
5401,202.87550247755667
5402,164.880820858304
5403,109.2217096657769
5404,124.69613182016184
5405,177.24932791858066
5406,142.21225488884465
5407,94.68948822673606
5408,182.52391793934993
5409,79.23179217576975
5410,121.09108916076184
5411,78.06665014167976
5412,109.95481013189317
5413,103.25910806959968
5414,109.00270283963863
5415,86.78041891790437
5416,128.13241685816223
5417,99.86003490733684
5418,123.63470133392983
5419,322.1003369972169
5420,120.14194952650152
5421,94.32664029440534
5422,86.26316264952544
5423,129.82464334089644
5424,139.08210061056548
5425,129.81381392758362
5426,175.4837079935674
5427,175.57202357307193
5428,174.38979043924263
5429,133.83356755113013
5430,188.56447911987064
5431,122.30710124329212
5432,159.63054164794548
5433,129.56400570600428
5434,87.47604149102267
5435,126.48276968095244
5436,98.93375302421097
5437,150.22279521705872
5438,80.67755862262038
5439,236.57643187996746
5440,161.71301901013672
5441,226.2842147068935
5442,101.40907827313877
5443,327.48440282283207
5444,207.27934942143816
5445,104.17045945568975
5446,138.89599367993483
5447,81.52647595240897
5448,180.4838524936632
5449,119.010302644027
5450,315.7828287656798
5451,219.05941499656782
5452,125.30606992675877
5453,98.43844782626093
5454,131.17842963785986
5455,108.29404751553744
5456,145.34959881616936
5457,176.07170616843922
5458,118.5230669900833
5459,122.99248688699467
5460,147.67497449941814
5461,68.71535374267246
5462,126.71722425693983
5463,95.71859452942067
5464,145.0796649707584
5465,89.92158336032418
5466,204.58024976474618
5467,153.68240370020698
5468,116.19708408655347
5469,119.69124740598943
5470,104.3000250352257
5471,154.6208076797185
5472,159.3574776689149
5473,78.55116308348033
5474,116.54670474158127
5475,52.99854577826014
5476,137.9646615058092
5477,144.15404635118915
5478,199.8929980213441
5479,202.4733710778724
5480,114.3416531628159
5481,212.69209695741176
5482,122.86265406995581
5483,106.02179307228157
5484,92.84187489310875
5485,195.2670624409065
5486,114.32773489672851
5487,172.8573823004756
5488,101.29253164309246
5489,142.56950140885385
5490,135.49213756454122
5491,143.5637901172202
5492,83.2268948040346
5493,220.52037860910428
5494,112.23994251531943
5495,103.53438872876718
5496,190.36183736240525
5497,181.72878388829147
5498,116.68373849517991
5499,87.10207301135542
5500,171.47968865585187
5501,103.46273039573268
5502,125.82819061934651
5503,178.86694489664697
5504,94.61628385558508
5505,105.95363040607052
5506,205.39454939370222
5507,61.771842068808844
5508,92.3048517378686
5509,271.96086209036014
5510,115.3252115858773
5511,191.60382250873607
5512,103.75947319827259
5513,99.6861571476318
5514,123.23102242765137
5515,195.50707095553366
5516,111.76716722021564
5517,76.53404716240003
5518,85.49329400911557
5519,157.35277587524877
5520,219.6977145576359
5521,108.58738681237637
5522,100.42085532472728
5523,152.0222223033922
5524,85.19817959311524
5525,214.46855678220444
5526,79.23595139944847
5527,126.16880719322118
5528,163.64073697906585
5529,160.26042712732425
5530,126.95434044628492
5531,141.65978414323612
5532,115.38176133309531
5533,81.57051338989471
5534,65.90594405980484
5535,82.13144567582073
5536,125.21360838133933
5537,85.89254947463539
5538,135.3539199707177
5539,122.42049058948476
5540,102.73237906909273
5541,69.68866510251344
5542,60.296877807408585
5543,106.0444458473952
5544,202.7958835511292
5545,117.19240704346255
5546,232.78243363160578
5547,175.5724703601029
5548,165.39583532201536
5549,112.04725400446321
5550,105.96831307962451
5551,134.28948121187062
5552,105.07745171039477
5553,155.83750153919644
5554,194.712437173221
5555,164.70691345660796
5556,93.70799517886611
5557,343.5495695396429
5558,187.18099831477826
5559,87.46820453501546
5560,191.393435437873
5561,153.00468556479285
5562,155.41120961181025
5563,107.57750958147388
5564,93.9446924374406
5565,105.2507187314236
5566,98.1016739050683
5567,165.335723860018
5568,90.10789329654557
5569,112.5886189292436
5570,179.70741142071773
5571,92.52319272716868
5572,210.12390148396148
5573,208.47698044447222
5574,109.80269542676055
5575,216.95017400657719
5576,115.25609299591841
5577,158.86733377059113
5578,94.20139413124458
5579,75.54678962314534
5580,152.82122423867088
5581,155.3605264213657
5582,187.08678517059315
5583,124.68383569838039
5584,101.59178647334666
5585,131.00879665750787
5586,226.4317829559571
5587,124.36894287894573
5588,86.85782532212698
5589,138.36610974837498
5590,143.77758696514957
5591,99.5514107877274
5592,144.66876564421523
5593,163.82053154349893
5594,252.31924156075792
5595,118.28712158002119
5596,78.9452255415438
5597,102.03082760027468
5598,92.01398714911777
5599,128.48736880641053
5600,220.91844048594658
5601,76.20754158387419
5602,168.93159369570208
5603,247.69301603736298
5604,82.80797806882123
5605,144.49185856863926
5606,102.42009573373488
5607,134.43023505657527
5608,109.72943960271803
5609,82.68849628982589
5610,205.14340556793712
5611,181.24842747942017
5612,71.36175795543856
5613,132.2235152874074
5614,97.25022498257349
5615,231.6284864302359
5616,136.11586134187968
5617,154.2384936465331
5618,211.51202705782174
5619,106.35097871625283
5620,87.81214468600234
5621,139.74439045880007
5622,188.21368476692203
5623,193.24800066963394
5624,241.47397180895973
5625,110.24063025863771
5626,109.09654064861564
5627,115.25099732318162
5628,79.8668813890992
5629,126.5667297129964
5630,160.30245802048876
5631,117.94005710152481
5632,97.25868020590883
5633,179.6481556351243
5634,111.52106433305147
5635,118.24515694043035
5636,104.54127175588081
5637,92.57591471519524
5638,170.78754091327707
5639,109.25184404259048
5640,115.70655240470055
5641,125.27974379343874
5642,138.5879335946774
5643,148.43893829646618
5644,212.32990814366275
5645,125.68023308450023
5646,90.44478829587027
5647,230.61046718463044
5648,112.01269168132325
5649,90.5029497984581
5650,94.95264546648232
5651,112.86034795918869
5652,208.5015355484172
5653,133.70438896285643
5654,96.93880130633003
5655,159.1834715923316
5656,86.70164389499604
5657,168.97917552885593
5658,114.5349847621679
5659,143.4792709925395
5660,111.45584050630977
5661,91.78936505435628
5662,120.38823605218795
5663,199.55460053541856
5664,132.32499000943187
5665,97.65402011927188
5666,150.94422243848328
5667,106.58663058155518
5668,100.70779365059408
5669,211.91363301366908
5670,159.84072179918695
5671,151.84030846182677
5672,150.91097404492052
5673,139.76825710147705
5674,213.82563371959793
5675,208.86382768758054
5676,107.0365328442342
5677,103.38230924540164
5678,138.48606665201578
5679,110.48201152650174
5680,108.65456665577884
5681,115.34842213126802
5682,80.85554796185164
5683,78.65039763661112
5684,80.8054342588986
5685,308.636815630467
5686,196.97765528808364
5687,246.02372822460825
5688,127.5359346907778
5689,144.35836686527833
5690,128.38764067805738
5691,112.13293562025025
5692,132.97650500860453
5693,159.54056203092756
5694,129.09627058155706
5695,181.69539978892544
5696,84.12903998545534
5697,104.75397635476841
5698,128.30899164602891
5699,200.9552450552216
5700,202.0867186782259
5701,106.54373004635903
5702,103.75629602020072
5703,82.71035723510587
5704,103.83065765801382
5705,65.22192575199725
5706,110.66365131570825
5707,141.82221375400303
5708,139.74950309168565
5709,98.60831344591752
5710,180.18442928246947
5711,79.16416153795839
5712,185.16238324981293
5713,178.72921424129555
5714,127.21210760629913
5715,109.59840750999598
5716,167.67941911430182
5717,112.7399130382103
5718,86.92279337594495
5719,170.71173104917293
5720,169.41940490261106
5721,102.22616757290552
5722,98.58711607799191
5723,160.6828023558442
5724,221.8277961900846
5725,204.0403655864198
5726,65.02717037387589
5727,148.4712538890152
5728,94.17244602949532
5729,197.18144637472292
5730,142.65048861258123
5731,347.09058468275805
5732,58.53545453655897
5733,105.91858632763771
5734,94.93804479012486
5735,115.02870986788636
5736,229.83427271009975
5737,156.64512465268433
5738,207.4557546365565
5739,116.59608987484091
5740,109.34821894117309
5741,119.59047129004078
5742,154.89965802662647
5743,132.17979836519376
5744,205.37945154635497
5745,150.2718940264542
5746,89.21148742373308
5747,98.58391261170144
5748,84.77543528485305
5749,169.86823199967512
5750,155.13753523121073
5751,88.19567973380084
5752,147.31745750413705
5753,80.73355804450583
5754,81.3888331221184
5755,116.6852545284263
5756,227.08379717239043
5757,154.78305222280218
5758,340.232656894979
5759,102.55058757450635
5760,154.7869208199205
5761,232.53241965482727
5762,129.56873563853713
5763,114.86203901914311
5764,150.81474851242118
5765,135.86857145735564
5766,142.624907577543
5767,286.4760484254872
5768,102.00200168001133
5769,85.08461193585043
5770,139.95630305380297
5771,48.47354037369386
5772,351.151306777565
5773,76.87311823027493
5774,199.570810414071
5775,162.70643850517695
5776,182.7363975555916
5777,129.46888942440032
5778,55.41126196937601
5779,228.9893714158973
5780,172.3518683407003
5781,86.84499281858234
5782,144.20815970768356
5783,144.28549345206798
5784,247.043537596492
5785,259.6622056720191
5786,216.02100386083455
5787,160.41844563130954
5788,194.88065388328025
5789,121.37179320081154
5790,142.17137619966678
5791,145.92054769720073
5792,99.00267327651082
5793,94.93792420429276
5794,135.58667291174518
5795,187.01241682407277
5796,204.3832967444148
5797,185.22629615360796
5798,158.38893770450073
5799,141.76764189953218
5800,215.61344798010236
5801,85.8758416285587
5802,170.6514078885112
5803,124.9843680311954
5804,172.70109393405446
5805,102.50516889135044
5806,260.8388792680074
5807,237.85829672292058
5808,117.62492257160366
5809,210.0494420759475
5810,59.87830380599438
5811,123.1216574890901
5812,76.47889773538049
5813,130.02744507788827
5814,115.73141914985393
5815,231.29647093783709
5816,154.38667329361186
5817,128.10506355754214
5818,154.81299930221718
5819,98.86907665608359
5820,128.7768874194361
5821,137.2960204706938
5822,168.4020846719671
5823,124.94277231798205
5824,116.81749736113655
5825,176.52427905395047
5826,132.81598612152015
5827,102.14332833777974
5828,73.78629550968344
5829,101.50122392746653
5830,320.4381108052358
5831,160.59636965445534
5832,168.80992819848655
5833,59.49134289000162
5834,95.54983652721039
5835,160.69830547420278
5836,100.46057395551867
5837,101.54333717669579
5838,89.66635961290942
5839,82.68071452824944
5840,87.72522425197423
5841,91.90263210229813
5842,150.14964213317262
5843,155.48408569227206
5844,172.73100111851693
5845,160.67135562201545
5846,187.5562298903253
5847,130.87094358910105
5848,153.88189044151497
5849,101.15013307416483
5850,78.45763541990785
5851,100.33395508980269
5852,100.42669838756657
5853,228.30626886997527
5854,199.7576491130071
5855,134.25145102354034
5856,84.39232661803673
5857,222.2351754005458
5858,94.05458151973073
5859,106.31146062570853
5860,107.54041277326809
5861,232.65470369595644
5862,88.3020558268648
5863,126.86208710389235
5864,127.48581774772816
5865,157.4428099483508
5866,127.98012339957762
5867,208.52200237462156
5868,87.71502610063123
5869,353.0455087161984
5870,127.59806568338176
5871,167.93923071411342
5872,120.81682212859408
5873,138.33116589838016
5874,77.27151424480166
5875,103.47891929824169
5876,68.52468629820176
5877,109.44853246678186
5878,130.1350858702228
5879,107.00334320012755
5880,94.53439137301723
5881,188.29911170361916
5882,230.83477065855251
5883,91.27849180358723
5884,237.41440412023542
5885,188.40818363774306
5886,206.84956539750766
5887,154.6158405583455
5888,114.18987174427556
5889,208.1475820323791
5890,212.212372055777
5891,106.16853962912484
5892,222.91160711837085
5893,58.97361786226638
5894,140.47574288760893
5895,96.13136129000551
5896,172.76710010558932
5897,117.1786401102106
5898,102.69131199198861
5899,109.11914494965797
5900,84.96210935545142
5901,90.79866824876075
5902,98.9611408804507
5903,57.494286286699655
5904,113.83628468598394
5905,132.06265237471524
5906,101.94638003009196
5907,98.58371987687958
5908,221.05200756916213
5909,112.61575812706022
5910,143.33131083192404
5911,157.61088258792276
5912,83.32107107650458
5913,147.8961890134684
5914,128.69392734469943
5915,75.16165820581719
5916,243.3850892847804
5917,102.11274377609388
5918,112.26468112916348
5919,111.87031637719795
5920,192.51864920983184
5921,167.9052312755573
5922,179.65661102888117
5923,109.23736427678398
5924,124.56401704153456
5925,228.9229006324962
5926,47.019812388917735
5927,123.55370346419409
5928,92.185180478094
5929,113.68349234465907
5930,55.84560990095686
5931,137.07815516268377
5932,150.97559708318113
5933,88.76877602139399
5934,92.85607684973728
5935,103.9160713717619
5936,102.72202154254002
5937,66.46117625553579
5938,157.63277447725613
5939,72.12652018560064
5940,267.70591513366475
5941,214.68173460796424
5942,173.40458881812208
5943,206.13472600807407
5944,75.00811323681364
5945,98.44414034656248
5946,87.50863891886469
5947,244.53583191994412
5948,216.7335631064279
5949,128.79105016797362
5950,107.01858524454914
5951,93.66306322437822
5952,85.32503771254136
5953,192.16010563276132
5954,113.3651880479943
5955,91.04444017217214
5956,110.9334609344901
5957,119.50369484333405
5958,182.93627919366733
5959,191.18271720280987
5960,132.1931975102935
5961,200.45265069760657
5962,211.1920127747142
5963,79.28863493714908
5964,82.39617718191164
5965,191.4931815469749
5966,109.25988171646024
5967,164.05087755026918
5968,198.06320287449591
5969,99.69398382746172
5970,141.54024091900322
5971,129.50019797873398
5972,71.90862574726907
5973,97.35434536082109
5974,123.65183072985863
5975,134.38165413246458
5976,108.07290518909154
5977,122.44265888695307
5978,121.07415733286396
5979,140.7359511413284
5980,124.69795849944333
5981,133.56220760174102
5982,91.0330878009755
5983,171.82875441748797
5984,104.76206628423962
5985,105.56368679322117
5986,77.05782686917581
5987,86.85178352817549
5988,123.50495629120016
5989,201.05751599499308
5990,140.77418052602172
5991,114.30893329517131
5992,73.97875855321902
5993,166.85324178582619
5994,200.8553695014463
5995,148.6090082693422
5996,114.09026189690016
5997,176.90473795844883
5998,215.48856631808877
5999,101.41647745987477
6000,157.46569553486034
6001,171.9528997365677
6002,134.79635829814578
6003,114.38123747460887
6004,86.46117499624816
6005,104.87599958571165
6006,219.94353897703422
6007,157.55179105711895
6008,101.78051493150186
6009,158.15599387051873
6010,121.298351763987
6011,103.73700498926554
6012,160.82329607124396
6013,185.83200536572244
6014,101.41782045745693
6015,111.57611311633096
6016,75.4116159075348
6017,171.6356554944689
6018,85.7118321824604
6019,134.4187438948274
6020,122.1503472028538
6021,251.9327242085618
6022,177.16485659916142
6023,128.78824273856316
6024,173.3979934005214
6025,95.03916081217271
6026,119.31847372941826
6027,229.9670572871009
6028,193.6998433396518
6029,188.39706187868723
6030,129.53575044009014
6031,148.95012287489152
6032,111.20448796118676
6033,80.14955494969884
6034,84.65916621080837
6035,82.60518789214343
6036,93.37670772109126
6037,120.60186769604462
6038,171.28681392760384
6039,85.97882448346763
6040,169.57911058424185
6041,130.98138267638808
6042,115.42868704818403
6043,192.7885449742452
6044,107.50949635407837
6045,169.88348722564143
6046,145.55511234394234
6047,84.70954219284249
6048,76.14710134924536
6049,140.34780700554757
6050,122.14768724937142
6051,207.8365682541049
6052,124.1227929871863
6053,219.30612982887175
6054,133.51577807598622
6055,139.09483792127733
6056,78.55112781974039
6057,123.97705310008573
6058,136.46502748921046
6059,110.01123134470987
6060,225.08582464239817
6061,136.19111000877587
6062,133.42447225260764
6063,179.94183016976314
6064,163.63966471342005
6065,122.88405582156375
6066,118.87959414449742
6067,64.52570326158093
6068,127.29944126737774
6069,114.04412857624916
6070,137.70163092343444
6071,176.2620706032851
6072,106.31951822395251
6073,190.26553976712367
6074,80.06636059576402
6075,144.99408971298882
6076,68.77877624331188
6077,87.35621247907832
6078,110.64990248909776
6079,214.64392745610414
6080,92.0362227648139
6081,167.48066362416282
6082,160.6909746622159
6083,230.79332080636263
6084,121.70695087031483
6085,201.24558976866638
6086,163.54952756006688
6087,187.1461068307285
6088,141.1514895009904
6089,109.78865327844129
6090,88.47278484924779
6091,129.64532162552587
6092,231.0853737260611
6093,104.01468459397881
6094,96.2858878477015
6095,165.77653149343095
6096,121.70317052395507
6097,135.44452034114005
6098,119.12502061385048
6099,106.90171534064575
6100,107.08467917232672
6101,120.13780477364404
6102,102.46193186076098
6103,164.60768739998616
6104,186.51649327472762
6105,74.41056365477033
6106,99.02084840545896
6107,114.41576125242537
6108,94.37774424238842
6109,80.43828693616858
6110,79.84704837450784
6111,132.13408924977915
6112,152.0802667370471
6113,82.89097770386641
6114,160.3050272885229
6115,128.37986624161064
6116,268.0057001801526
6117,126.88637707976304
6118,68.42738447000269
6119,204.91041683494984
6120,80.08217617482168
6121,121.93814015031342
6122,147.38684222838444
6123,149.95290949264498
6124,119.77195440554682
6125,179.19887365423804
6126,78.75380787012381
6127,108.7461290265302
6128,77.50252593967588
6129,81.0895374281015
6130,177.2665382531242
6131,118.47300300558254
6132,155.25475826666158
6133,106.63422237214851
6134,167.83816568789575
6135,94.00663195633325
6136,95.83920482993102
6137,84.67405860554075
6138,173.0384300246519
6139,125.51350430869084
6140,131.66061008595383
6141,80.68186979332262
6142,101.7454971055654
6143,126.2308581197721
6144,226.05705980394765
6145,129.73018741217143
6146,108.91062402073189
6147,188.01730004858604
6148,125.66859119311609
6149,138.69742423765857
6150,114.57719818840289
6151,164.6113455180026
6152,131.9340104778534
6153,213.19781424644532
6154,84.95598751153446
6155,116.02031510019923
6156,123.75463264360371
6157,157.220251423858
6158,130.41587267229107
6159,72.71190843535837
6160,175.5306556687477
6161,138.92677239761753
6162,66.27059048966265
6163,112.8469850114412
6164,117.2920884016156
6165,112.88176489021481
6166,110.53920921219328
6167,227.386786733346
6168,84.6254078303524
6169,109.67305992159672
6170,143.23372121700558
6171,173.2009692938609
6172,170.0056024896656
6173,240.86639832984008
6174,226.9101261619303
6175,135.68359171977454
6176,123.31125895648591
6177,110.10064554512675
6178,219.47076627178268
6179,120.97573577696944
6180,208.71699503613502
6181,155.00474482338052
6182,120.62341971389989
6183,192.28636993373755
6184,192.19150737316295
6185,208.71744368120642
6186,198.9853352691009
6187,107.05733994479206
6188,94.47896394688746
6189,92.49328334521584
6190,175.09641428478656
6191,173.4118133021493
6192,138.71695038669873
6193,81.7578874719087
6194,167.56604897438427
6195,124.61356105190566
6196,166.5410401125535
6197,154.45351066544796
6198,122.8558457458723
6199,97.16412012897746
6200,123.84939957810491
6201,104.6361850252456
6202,258.9967085155849
6203,85.58469472541215
6204,326.0600915999679
6205,136.590664725223
6206,142.1569060734576
6207,155.98042192078518
6208,66.6801512375728
6209,126.93717072620657
6210,192.24737448365207
6211,86.39915149909247
6212,74.59681477910843
6213,186.18771161796656
6214,221.0918988015198
6215,106.90056052171687
6216,99.63566228475518
6217,107.7654929374981
6218,135.49661388240116
6219,213.27395847903747
6220,146.3140093025243
6221,142.31709082452784
6222,103.69339600686449
6223,65.13189997308419
6224,197.30015349928988
6225,191.22065217601485
6226,85.26457208040094
6227,116.85982859995302
6228,124.9675120801864
6229,88.72747829445943
6230,112.1573053659015
6231,176.6257594506165
6232,134.03804708596795
6233,273.3213993788366
6234,186.78515845863734
6235,106.60944776616569
6236,97.15525214449806
6237,135.22007158499417
6238,279.29163742803325
6239,57.64971353041761
6240,97.98422160734566
6241,98.02976998306394
6242,123.34537759491455
6243,145.6806402616561
6244,95.05950765100805
6245,123.05594798526464
6246,133.463427605282
6247,205.61949412574484
6248,130.50944986518442
6249,213.7831781318968
6250,203.7085812174805
6251,164.23874788034055
6252,125.05102334547948
6253,100.80883472929195
6254,118.88845686748854
6255,101.86144505387536
6256,70.30049340667217
6257,112.27337262187018
6258,66.49270053523736
6259,192.7292547476162
6260,193.6935787748203
6261,97.82784001393459
6262,107.13935647934721
6263,128.9727635580585
6264,157.7189334675822
6265,119.39427785338589
6266,88.75143148944262
6267,154.6378204161405
6268,115.80781819116108
6269,128.6963125395557
6270,246.88192071808936
6271,66.87924115799322
6272,128.85276596827543
6273,89.48188832696536
6274,236.35397765022023
6275,180.3705957878521
6276,280.16578308772966
6277,172.60250664250464
6278,145.44849751126168
6279,118.10912697272595
6280,116.75808262701497
6281,110.25700554186612
6282,102.29687027972315
6283,138.31088783901103
6284,130.2472000251904
6285,116.47455028475208
6286,240.53641412270514
6287,83.59622276386114
6288,200.76835749917547
6289,127.94616641786935
6290,161.74320496786396
6291,139.90580452001677
6292,135.29917302850671
6293,120.13298664114535
6294,149.72233192446376
6295,145.79940886766053
6296,107.16575319625039
6297,172.36971245119253
6298,82.15923332991669
6299,75.75843282271768
6300,142.255510289841
6301,141.91781793859354
6302,280.4406630682189
6303,180.16563257340738
6304,122.28911527208135
6305,104.7469201619042
6306,86.38421156499206
6307,82.03598418828238
6308,287.44333600232477
6309,87.4431727746724
6310,136.6241189904675
6311,117.0496900542114
6312,99.67444140040934
6313,94.31259888049996
6314,173.05106375736062
6315,144.85797264422132
6316,93.9977873495273
6317,155.95973467236362
6318,162.74508876737366
6319,124.80929677135752
6320,104.82163518359687
6321,140.23648321105628
6322,138.69460313387995
6323,198.40227751401483
6324,90.1523000635038
6325,125.89797845457512
6326,105.74389587017134
6327,73.26029152192862
6328,85.55185571681525
6329,131.06599165043718
6330,116.40222964437682
6331,163.400320950734
6332,143.27656431206924
6333,82.06917966791576
6334,88.14852614222701
6335,111.73360869733057
6336,164.84456372346403
6337,67.98431757264532
6338,192.76223593996576
6339,140.5482230090799
6340,151.5313205716089
6341,175.56861745013066
6342,101.70776374712035
6343,118.85806676582364
6344,262.6407566122892
6345,143.20690059702625
6346,152.39048075070846
6347,101.62360056257093
6348,54.73263932123919
6349,176.75823087907398
6350,186.4236886479134
6351,138.77969217658853
6352,132.70232776266923
6353,219.82253154667524
6354,121.66077426852522
6355,86.74807739639789
6356,101.6674066916182
6357,91.69515965818925
6358,111.39719385597877
6359,102.29409572559588
6360,124.87689493233951
6361,101.87135740837883
6362,105.75875589698484
6363,119.42002745004109
6364,153.7570184024286
6365,62.392038029681736
6366,92.85881628530919
6367,91.75339940081884
6368,217.75420218085497
6369,144.6720224197909
6370,115.72099135525947
6371,96.55056189072673
6372,71.55498837691427
6373,180.90115892186816
6374,130.19082140585346
6375,104.10539551231778
6376,56.41155147452212
6377,80.40590864242198
6378,244.4975621439783
6379,97.90189245206474
6380,148.65361592306925
6381,115.85983987871843
6382,143.20417472873103
6383,91.65666485440681
6384,104.56278083502724
6385,109.5522416576373
6386,110.71714349576041
6387,116.41509367049937
6388,145.03447085443958
6389,158.7136737326165
6390,155.39140441279199
6391,108.97401710636721
6392,103.91271908545565
6393,187.31933367942153
6394,118.291646843721
6395,118.05364258577089
6396,175.4822068397611
6397,106.29567182010837
6398,132.62378401794913
6399,235.07829413723198
6400,190.98260017630474
6401,172.4660265578475
6402,177.45136664450217
6403,187.6163532674456
6404,66.59207296338582
6405,162.99111460492486
6406,157.37024181086292
6407,62.73891824916785
6408,152.26982074835178
6409,98.03515019308071
6410,212.03959549744337
6411,226.13019412697082
6412,75.873194814167
6413,112.06444909618659
6414,104.40949583249179
6415,228.91698402126482
6416,97.23757496343289
6417,89.087940997055
6418,108.61382066761435
6419,110.70256706319591
6420,143.61280209778462
6421,65.62625908010553
6422,77.70355583823954
6423,295.96739832875596
6424,209.92208297038275
6425,126.84460319363438
6426,142.60243372214913
6427,90.41832581207343
6428,106.20834814738281
6429,133.68444353460035
6430,150.40677054107934
6431,148.50498290848668
6432,282.2345490761933
6433,81.96593868293813
6434,157.28689033091507
6435,83.04965413936715
6436,116.16835356841
6437,127.81870936036151
6438,59.2779275553036
6439,93.33079291949281
6440,139.08242675797297
6441,200.16326364350343
6442,201.40975169154433
6443,229.18669575624034
6444,226.5550468913952
6445,125.17173480847403
6446,255.21753828070598
6447,84.59863389792343
6448,92.31699063330852
6449,130.21298947078367
6450,118.85256455922377
6451,83.86299876142824
6452,106.811223461672
6453,96.253049600432
6454,171.20671396825787
6455,123.82299883521611
6456,159.52222492221102
6457,205.88009564237225
6458,195.5606735809625
6459,157.75478372938954
6460,170.90037953362668
6461,96.37734337805558
6462,169.15071180756075
6463,76.25921045423507
6464,340.5086099750507
6465,171.87755157169977
6466,96.07256584966896
6467,149.50308056929728
6468,141.84763472248642
6469,64.68620483526624
6470,166.5124488953077
6471,75.41214723846663
6472,80.38800206096015
6473,105.41036201033003
6474,110.87059451270295
6475,173.2693400280781
6476,87.8672920181323
6477,166.23910800375893
6478,206.54049431016387
6479,82.4758250215769
6480,81.98147594500483
6481,113.08016808802354
6482,167.87409083424194
6483,273.6491774569648
6484,72.8899876048201
6485,149.18785585899383
6486,44.75754969347555
6487,272.83598662742054
6488,76.83051391511933
6489,115.82847092544677
6490,217.28145013779036
6491,81.01423220256794
6492,166.75190903512785
6493,80.34598603723987
6494,149.26209282602412
6495,188.25237964478276
6496,97.45366509557091
6497,101.55912277384303
6498,162.76829490416907
6499,166.74572290764524
6500,83.67863666568152
6501,167.82581753669376
6502,116.59371037385206
6503,168.96153829639368
6504,145.06366805907717
6505,94.86885606370582
6506,109.74540678517896
6507,92.79590378970019
6508,138.43815082244112
6509,177.0138947175248
6510,240.64792637260155
6511,294.28104622841704
6512,176.42811783960732
6513,217.91128699359166
6514,77.61280642535517
6515,186.13058706266287
6516,141.01619239809435
6517,139.270916936773
6518,168.51520482741952
6519,139.28044510179814
6520,236.11913026722627
6521,114.66230010955758
6522,121.85263783636144
6523,96.20126216512915
6524,214.81390988629022
6525,92.92601321745424
6526,179.28171470508786
6527,203.68615610327936
6528,140.8644779652428
6529,183.50430748962987
6530,84.04324010012238
6531,81.3440534856415
6532,119.81787336851559
6533,103.41251043659945
6534,176.35357423475182
6535,125.9337951511386
6536,181.5524650324138
6537,116.07744116074673
6538,213.97247506075558
6539,70.9479990693058
6540,63.703169654489436
6541,129.49417050732268
6542,107.09083244880983
6543,105.63852846066783
6544,140.42790316757788
6545,72.85407307298838
6546,73.68796739251417
6547,115.13968548441566
6548,152.3350981700757
6549,167.84775406984792
6550,212.05404243087972
6551,94.13022076425761
6552,153.9478910534711
6553,191.3393459579835
6554,90.31731340977322
6555,189.0830604593927
6556,94.11546027870685
6557,92.90911982420154
6558,90.73696289890111
6559,102.8519245127399
6560,116.80858388872088
6561,78.60330786082604
6562,142.43279014882418
6563,174.05392767645054
6564,146.44643708431795
6565,90.91425588109732
6566,133.73319004184322
6567,81.09845108232203
6568,169.30550069721482
6569,135.9996299913123
6570,88.04580793364028
6571,151.13328488526864
6572,258.1502036790962
6573,179.09065792708
6574,113.60862829387165
6575,166.7460057298026
6576,131.72108292907603
6577,92.55848585736874
6578,139.6557734050666
6579,125.77791191485176
6580,190.343393822996
6581,117.11192083963209
6582,194.38019550616383
6583,182.0736422915309
6584,237.97037855826377
6585,130.48878082356188
6586,70.47316563331458
6587,147.89067389985473
6588,93.71125403020292
6589,247.7197007606435
6590,177.73357623554398
6591,164.55959494152
6592,119.07607614217518
6593,141.8157405571561
6594,155.01335567184753
6595,134.58136603022137
6596,68.2381094696342
6597,261.93673112217726
6598,118.26819761771189
6599,105.32712942416626
6600,63.03260746548345
6601,190.7602528352917
6602,203.82233022395718
6603,196.21045875916306
6604,118.47353395874794
6605,97.40031050384282
6606,196.58004318425574
6607,77.01361592951349
6608,177.91209304362246
6609,176.69642458730567
6610,202.8061559575105
6611,276.7258461630058
6612,195.4620180965319
6613,59.505460757546565
6614,229.7241413940827
6615,182.4939501511947
6616,92.04601612659215
6617,179.03163918292637
6618,59.62240962669742
6619,72.38304308490962
6620,104.16798594067387
6621,131.90188063434243
6622,69.04850724331328
6623,112.11367772192014
6624,128.2305125123204
6625,204.51008963507886
6626,105.5952868190405
6627,101.40771710913444
6628,125.65145065206701
6629,262.60957920502614
6630,159.18489975298843
6631,184.4483886165839
6632,247.22158618496806
6633,188.25992918606462
6634,119.0222777388438
6635,123.85019598699883
6636,142.3389347012615
6637,102.75154776699691
6638,112.36000687527059
6639,118.45353401738714
6640,65.09643373258564
6641,260.8347786339863
6642,125.52663324896274
6643,121.85075853319464
6644,87.17937516072666
6645,117.62563129049832
6646,126.18493276542927
6647,114.80939972993818
6648,89.21410261310638
6649,126.87784353713388
6650,190.7784853022813
6651,191.65323647840938
6652,145.810798194613
6653,115.89573736229801
6654,91.58462005947712
6655,141.66792611628188
6656,224.4794021235217
6657,117.37999885032266
6658,109.8072347206893
6659,186.45297486640067
6660,122.24993685029693
6661,189.7936290687203
6662,115.6300189069956
6663,201.06631078007064
6664,165.41433531590988
6665,184.54095658858014
6666,115.98418976935106
6667,127.96173700777615
6668,102.19439744441988
6669,247.26698645968665
6670,121.67031959994871
6671,133.36186620515704
6672,93.39734328629066
6673,81.4680101558338
6674,97.28549143260457
6675,93.8218898635381
6676,198.08675690090257
6677,210.47063277561963
6678,292.22320303624394
6679,87.9053452885833
6680,80.8834475300379
6681,204.23363828950568
6682,102.27531254621437
6683,152.23471417932984
6684,127.34106765549618
6685,112.82063258108346
6686,96.85038630390113
6687,101.51269503193043
6688,123.9536326340243
6689,157.27171632173366
6690,108.13635707036556
6691,113.78018323700402
6692,115.13214801141012
6693,240.86005639432037
6694,152.53696629755126
6695,156.89418818176296
6696,94.66793905762471
6697,247.92570798502632
6698,91.34749183214456
6699,217.50362336281023
6700,146.29046838823774
6701,141.8282112176048
6702,122.34629876688135
6703,224.73871325203766
6704,167.06945473386094
6705,217.05348546269096
6706,121.22584920912426
6707,150.03789488664506
6708,82.67860999066178
6709,100.79949714087033
6710,148.33218919946518
6711,146.16489883371796
6712,243.427115175158
6713,91.44729831405465
6714,159.0948927002339
6715,299.8175456870018
6716,87.34729877228386
6717,210.26449503563893
6718,240.11136585694294
6719,202.63920070604294
6720,325.68186032831153
6721,163.6872209843917
6722,104.28189495008148
6723,173.6109509599254
6724,100.30781795948114
6725,97.54501011836204
6726,95.89643455803878
6727,202.7276734455916
6728,83.61594845208977
6729,122.64044950680926
6730,102.3088791202996
6731,151.69734517992893
6732,105.14147297359128
6733,322.78880123358306
6734,94.18051046279007
6735,202.18289703668208
6736,158.15224392592847
6737,188.81737803631182
6738,101.33028120402835
6739,144.08478555233245
6740,148.55350120690653
6741,116.88920874343762
6742,80.38791034627587
6743,164.0526438434344
6744,74.0848636665093
6745,174.34501219905394
6746,122.95752501957742
6747,89.72202196614327
6748,94.76073920756704
6749,105.35768346365924
6750,94.52203164349007
6751,133.5550420357115
6752,173.57427778965595
6753,106.69004036736463
6754,206.71526281683836
6755,103.84773170344783
6756,172.5859271285259
6757,212.6616395431798
6758,102.78021311776595
6759,182.80284474887304
6760,116.08252124742708
6761,91.72691168743428
6762,119.58160512668243
6763,85.89539559373654
6764,156.68012844421304
6765,197.95281361940275
6766,172.00842975184185
6767,115.22613217907322
6768,175.31172086683102
6769,171.8386895187589
6770,86.18253843656538
6771,155.5773934717806
6772,81.41323432119881
6773,97.32341662233605
6774,167.81669212826236
6775,315.3083799445666
6776,107.31712069470844
6777,106.04834059601654
6778,262.23332453749987
6779,221.52551405668646
6780,101.268241706298
6781,140.12691464109903
6782,139.41716280275432
6783,90.10741991981247
6784,122.59273848617039
6785,165.64129869094717
6786,106.2755025001542
6787,143.50683979080586
6788,139.48922304081935
6789,117.23932455525701
6790,128.824102090207
6791,147.64026058112586
6792,76.22071551164659
6793,131.54929113174464
6794,180.58592606158433
6795,89.78139340845016
6796,211.99244942575467
6797,92.51980343893382
6798,162.4073722400696
6799,137.9149480952739
6800,163.4483009609677
6801,172.71651953089764
6802,60.36202248378103
6803,54.42343946876601
6804,138.600907522606
6805,151.6667138771743
6806,202.54997671043967
6807,182.84326433318085
6808,95.66672391038139
6809,152.12145010470297
6810,84.88268499443302
6811,157.75765404623695
6812,140.3416425840137
6813,126.15643679272496
6814,67.11060605957202
6815,196.01441521601993
6816,137.11407241031554
6817,135.21938819527253
6818,112.38173761623483
6819,118.09059670097136
6820,129.23191191332504
6821,108.93884347396832
6822,117.91197092832843
6823,149.61910983219386
6824,269.32418777279884
6825,112.05647204588561
6826,125.73469568052174
6827,127.78702867003223
6828,242.05744882878201
6829,195.61511125088805
6830,89.04904780792614
6831,182.62169848415112
6832,99.87502334042696
6833,190.1861107676894
6834,134.0933492284173
6835,115.89528161745227
6836,71.43505736398023
6837,213.0804044531515
6838,166.09776322949193
6839,95.91953451516135
6840,95.45149921693567
6841,81.34754056024941
6842,158.84351621269715
6843,110.19331024747015
6844,72.24449602200539
6845,117.29494292116459
6846,82.2369346369279
6847,91.42528852237464
6848,134.63014908622262
6849,93.99537897813643
6850,131.62605570722562
6851,118.66445812331767
6852,228.6862775553373
6853,175.39973666157192
6854,92.74466033225497
6855,118.49496288581572
6856,120.74412828196819
6857,94.55628237386243
6858,71.03399658844168
6859,179.02908912958054
6860,112.83814429866523
6861,171.02734668195416
6862,180.87719528369976
6863,76.08530934952533
6864,192.71804805583585
6865,105.64933457865924
6866,124.46586892670982
6867,195.56813115925002
6868,76.69504925347852
6869,172.29268042373076
6870,83.10146592201276
6871,89.17103653008306
6872,106.64173573940698
6873,115.61992878610306
6874,156.69393971929105
6875,107.06563920280178
6876,91.92451948536137
6877,107.50581789693999
6878,153.02337241340626
6879,236.42080725994555
6880,133.81722580643623
6881,189.19079135742572
6882,84.00969463450326
6883,115.89733129874146
6884,76.2419731612993
6885,191.27839396477032
6886,218.4447495913035
6887,119.16883179593873
6888,104.11554347878467
6889,248.2040286116493
6890,184.46897449637822
6891,108.07325850298048
6892,198.09688173520897
6893,102.1718855567189
6894,190.89006945853106
6895,115.50307433626895
6896,79.86806093400867
6897,110.4213669721714
6898,194.83335161427527
6899,147.8130025821427
6900,82.66242788407777
6901,128.6177007158997
6902,82.77224031128209
6903,214.5503227396032
6904,87.5759637284235
6905,268.6086707288179
6906,111.91109296197203
6907,136.18854587501045
6908,110.76387832793372
6909,101.24449693924856
6910,205.9793439192191
6911,337.70146918215386
6912,170.47563602050315
6913,83.11188762363999
6914,124.39374297641493
6915,156.2780969688676
6916,126.28034545333824
6917,118.92387299103433
6918,149.10111171626272
6919,89.54605394538805
6920,209.4516441567251
6921,108.33399565894314
6922,211.48885250397956
6923,166.17632882565755
6924,88.13738816315433
6925,101.69962876242096
6926,144.80770744038637
6927,94.3344282051979
6928,110.74090694545681
6929,230.79459006763284
6930,115.22382195200684
6931,119.81463593827031
6932,131.0352525107104
6933,162.86553390502192
6934,264.08905632661003
6935,150.98661841399897
6936,75.3218129897944
6937,215.3262666144232
6938,116.55366732336824
6939,256.5632829215007
6940,189.08158888397688
6941,270.7771617671665
6942,174.66341713834373
6943,124.31709656583847
6944,170.6049246540965
6945,217.95230749477244
6946,166.93329890584224
6947,139.59641523674415
6948,121.97225373254508
6949,77.35103116221882
6950,244.2269799181256
6951,88.486900310183
6952,174.4078362642428
6953,91.55349819407334
6954,207.97673477096333
6955,165.2200371865893
6956,142.56163246556503
6957,183.23515231140073
6958,100.78669410865827
6959,167.7264440500154
6960,60.321681293394995
6961,129.43723778423544
6962,157.38573369630242
6963,129.19152922248304
6964,169.25427839436884
6965,325.931350581429
6966,159.7466340854899
6967,82.05691404236251
6968,116.42053308198038
6969,268.46912789126816
6970,69.80986539793383
6971,206.12271300473293
6972,139.5593965987483
6973,181.81240547018857
6974,200.23089692895348
6975,122.33162661348686
6976,124.94433234517359
6977,92.04659840688049
6978,130.01617942668491
6979,172.53354144795486
6980,129.2073185306776
6981,131.2695009540552
6982,111.47253758485351
6983,159.66083514690575
6984,73.27225043485042
6985,82.67118611309772
6986,180.54035041675843
6987,132.97389914512974
6988,96.50795807547686
6989,188.04081877022855
6990,72.62795190475377
6991,132.81779647379085
6992,141.92069945001916
6993,86.73393925614535
6994,184.99594929774855
6995,208.96612840359512
6996,92.16366128142218
6997,99.13314935058143
6998,70.87473763108169
6999,76.03709614235383
7000,177.7804338391868
7001,89.36331429206282
7002,93.90066632813415
7003,88.34106761643241
7004,87.14755240555968
7005,81.05769621356825
7006,137.4851181922748
7007,179.26928553302304
7008,104.8825244843873
7009,84.49504801070438
7010,85.47918792593417
7011,69.66342192215667
7012,108.89172430985808
7013,136.81557265109237
7014,79.7539158535688
7015,102.253880775276
7016,146.5895409171819
7017,139.6144272033221
7018,155.63400921045093
7019,132.41603023852105
7020,204.8498849564154
7021,249.6102320805785
7022,107.63928259239333
7023,89.35260294376235
7024,114.08124561756841
7025,99.9924865767818
7026,98.4431429529506
7027,73.8891561156921
7028,91.56050111454613
7029,145.94539175010104
7030,113.7305741786561
7031,136.92337148641835
7032,168.05018227419163
7033,257.0122312145809
7034,127.77351973538332
7035,183.9331215449066
7036,111.8333996420194
7037,105.34594774410543
7038,107.69104603301834
7039,118.37947309770912
7040,153.08990689262689
7041,101.7431219385045
7042,131.1337883269529
7043,306.24530151503234
7044,95.79921595931455
7045,83.87125043338925
7046,185.60760905635027
7047,109.8264258124979
7048,127.14068843668946
7049,71.49528657054287
7050,90.60518670750216
7051,102.50518479363274
7052,149.17562909562872
7053,147.70648556566414
7054,78.40404426855082
7055,136.2477841915225
7056,91.74630127047493
7057,153.89521751576655
7058,107.93961937841387
7059,115.66602897265867
7060,93.04347583813319
7061,102.94184848594308
7062,92.01977186661333
7063,77.73331900257465
7064,131.0588191610036
7065,120.50720032712714
7066,103.75137993817489
7067,283.05073758393166
7068,151.17466426505223
7069,103.32480581065579
7070,89.13263811500693
7071,102.04066721463437
7072,87.2861912664622
7073,106.48773559241212
7074,67.58775599338864
7075,214.03022665019074
7076,121.48137057780016
7077,196.78855743135534
7078,200.1004128736495
7079,184.4534412332697
7080,100.29723966265072
7081,81.99590749060927
7082,97.44546706472207
7083,74.38459559520216
7084,280.28432769582946
7085,124.20558775421313
7086,122.8729675723441
7087,163.91353412647675
7088,150.51617197726813
7089,247.06940776571776
7090,134.97672594299945
7091,86.50629689001391
7092,80.45399718158532
7093,194.5127190282966
7094,212.19549602887372
7095,100.82034908795777
7096,210.93275324131207
7097,155.8254881486185
7098,135.9392852639811
7099,83.59220498051387
7100,133.3587190527831
7101,192.06973990735196
7102,266.53341171089767
7103,92.9267477881713
7104,104.02206899559818
7105,107.91135567012756
7106,122.94791695022599
7107,112.3147789016675
7108,203.2997870981984
7109,144.3830289951243
7110,209.66771154282384
7111,238.59144638971074
7112,65.37313363029203
7113,165.13842636521758
7114,104.09299447375238
7115,207.2055161585031
7116,86.40256253969113
7117,63.484866811346535
7118,130.9865955088306
7119,71.46417722459665
7120,81.7896837512821
7121,100.84000148075225
7122,132.4540016307381
7123,128.2321040781498
7124,77.80244804767034
7125,114.6598717821707
7126,95.05647039066719
7127,227.16659281616248
7128,85.53504760959459
7129,126.15716013708179
7130,90.58285291956824
7131,98.37735442723294
7132,113.27417823339016
7133,125.21366689322366
7134,166.71301675597005
7135,133.89140447627906
7136,114.14222262801164
7137,157.4525894437714
7138,282.6092940640692
7139,153.04149818574766
7140,134.12394442438497
7141,113.63166613921318
7142,105.15045328241553
7143,152.20775089848865
7144,158.19703280130116
7145,135.71876413921103
7146,71.33477639750578
7147,115.90521220219574
7148,93.42770953905463
7149,157.10728720235608
7150,80.42992526273846
7151,201.7857840627942
7152,123.79879870578371
7153,72.24362325335252
7154,96.72564182852747
7155,105.99027975863004
7156,101.44836119280959
7157,72.94507253617414
7158,174.30655630694477
7159,137.1608025852547
7160,111.45450768222227
7161,107.94587665420781
7162,89.0786863977856
7163,123.33218774657956
7164,108.30200118808037
7165,175.688694325541
7166,183.91266099237367
7167,107.66589543383793
7168,180.4602273347386
7169,173.99801601723016
7170,91.31914339615635
7171,154.7840592039322
7172,96.10086683886871
7173,139.81330595419377
7174,94.35605189923373
7175,118.7773340604881
7176,199.8336554962921
7177,138.69217592941897
7178,78.88936864150836
7179,132.89692879308052
7180,111.47275481727615
7181,92.24787807624567
7182,161.60173564557536
7183,74.47323802473494
7184,156.62427166536983
7185,82.94385697384791
7186,117.98088417940785
7187,120.48970658007359
7188,155.91843402185881
7189,210.56392372313135
7190,130.44565868013854
7191,58.67606609795516
7192,118.96996069272043
7193,98.20924227775993
7194,191.04315624833424
7195,173.536683214586
7196,102.7392722429152
7197,81.01263926918722
7198,193.2544646863669
7199,128.98639173521855
7200,137.64543625474016
7201,178.25801729370897
7202,258.42371055685834
7203,133.47284747861366
7204,96.4930074265069
7205,244.18907881341642
7206,225.99277016479846
7207,115.02844076913857
7208,154.65773300325392
7209,91.59960163040734
7210,90.6940428862195
7211,101.77491607057281
7212,188.13549608166846
7213,130.81899876849673
7214,128.46954329574186
7215,102.79896507402187
7216,159.26757281771913
7217,127.06721453074466
7218,151.69578505060196
7219,86.37359807551852
7220,151.7187278861697
7221,164.19656310274246
7222,190.7532753891439
7223,102.98618193102087
7224,244.94303101603873
7225,89.68670108898641
7226,93.31964546090708
7227,149.00803322844487
7228,288.9679607084547
7229,149.56436431819196
7230,150.78169792783768
7231,109.06263654166729
7232,109.69027908586483
7233,160.69307840187844
7234,89.5947814791372
7235,104.17394956323666
7236,180.27210095331685
7237,118.53767434947025
7238,152.41372484140845
7239,110.56793772454157
7240,98.22276256990403
7241,125.87591072868764
7242,268.71114387326554
7243,147.92407241236702
7244,100.84605961384688
7245,127.86225235647815
7246,120.58935712513957
7247,105.99504099747537
7248,126.3076252726365
7249,115.90114261577256
7250,85.41644358828364
7251,251.06147907661492
7252,71.864276867137
7253,118.32274731626032
7254,200.77553010738214
7255,193.53612965182103
7256,116.01320968458907
7257,77.97703721049575
7258,128.25285895937833
7259,157.0423233788536
7260,93.70994353864575
7261,221.06231837716996
7262,139.77536874206174
7263,97.04739212812736
7264,144.51099359990351
7265,68.61194876638044
7266,101.031350011874
7267,119.13951273330551
7268,90.35513120356481
7269,102.51204813233122
7270,115.109812243852
7271,148.6279753661887
7272,97.65883061758487
7273,155.4517464959143
7274,98.21102316606232
7275,128.8391020404425
7276,155.967590575129
7277,308.02678270766825
7278,190.9763452359225
7279,99.84806541129976
7280,144.0294403046538
7281,142.94135405532478
7282,135.09009817125312
7283,194.83827472774703
7284,145.10066070674503
7285,119.9736214823077
7286,105.9542350671505
7287,78.22267503446544
7288,92.8807969032325
7289,174.0167747818371
7290,134.01898422174025
7291,80.67667064032
7292,302.36206608679475
7293,156.22608927604588
7294,189.70766201465133
7295,169.42149741228428
7296,110.61520521219259
7297,92.95217493252845
7298,96.06006108733045
7299,305.6684559552324
7300,223.48832851056005
7301,105.84052936593758
7302,107.7553513016193
7303,210.17219851481667
7304,137.7569624689806
7305,195.88837338281454
7306,161.81778732035656
7307,83.45005741123066
7308,124.43691617409806
7309,135.05649621479566
7310,90.94797675832868
7311,122.36344172936877
7312,105.52003779075838
7313,226.27202641630655
7314,128.76692972326882
7315,153.54018241476976
7316,132.00845320603284
7317,202.22357181984907
7318,72.31814822971549
7319,109.98779312362619
7320,83.87317341330406
7321,106.32534465964218
7322,100.71186843214342
7323,100.08429920610881
7324,241.33352988129525
7325,192.3320951083016
7326,56.79346058246962
7327,89.27485994119964
7328,93.63024899977381
7329,123.3150092954602
7330,124.8550248905475
7331,190.23017507635217
7332,182.29655534372733
7333,116.51105517084048
7334,107.96654738786012
7335,202.36320416673715
7336,172.04513127602888
7337,138.7211325644625
7338,168.22203865020003
7339,95.96064342977571
7340,149.5170138984913
7341,139.34201873875634
7342,159.58893409890396
7343,108.51032325802737
7344,195.61642481142957
7345,81.8951341286084
7346,99.12945074126193
7347,304.85253006536095
7348,133.27851307188308
7349,134.30244373531187
7350,88.55029643691842
7351,191.57892234197362
7352,179.7050074472652
7353,110.54414127969895
7354,212.52475580363472
7355,180.06196774482987
7356,76.27643678291196
7357,230.1895883409617
7358,127.17661613369206
7359,91.6848762089477
7360,107.0347373170023
7361,101.67686029226012
7362,167.98119516820412
7363,211.3273168992751
7364,178.4116814193451
7365,164.89538577837695
7366,116.25206216079827
7367,75.34082960331807
7368,115.28861795121881
7369,257.1676195687697
7370,189.49152084128855
7371,294.73275662351426
7372,136.7656900152694
7373,128.27990377153452
7374,82.11978363651501
7375,306.52799640679166
7376,219.57978581786614
7377,104.01775303065227
7378,131.55067526428968
7379,104.11843095926532
7380,78.31380744286272
7381,110.7874506149968
7382,145.97681735965818
7383,84.99251943847007
7384,122.7207778498321
7385,208.65796413107353
7386,234.51715064373465
7387,156.57667836586634
7388,129.46631251935958
7389,105.0359910100934
7390,133.82949998893827
7391,187.45097401083297
7392,262.2604130135521
7393,93.61842509145093
7394,110.06725322171984
7395,249.54131026122025
7396,88.92931827057477
7397,141.59199785441365
7398,180.25780942159184
7399,141.81606509189842
7400,82.33307484664982
7401,195.78973769407116
7402,157.0630852017905
7403,220.35668472747057
7404,72.40539703556443
7405,156.38882186350352
7406,190.9774661253872
7407,112.37447136436433
7408,167.27788474037976
7409,144.75281356392446
7410,146.59619912765925
7411,105.92517939368457
7412,198.76090685438726
7413,68.03916834352952
7414,173.908129722494
7415,101.68824901878584
7416,99.5012319878901
7417,155.78494746750633
7418,100.8307028055909
7419,84.0222554526704
7420,100.07313130092729
7421,106.2665442726461
7422,86.81209364162643
7423,149.77010047014107
7424,109.4840702638763
7425,129.94814551999386
7426,58.335933951164165
7427,222.90721655445574
7428,146.39975331962006
7429,142.12318377349237
7430,173.60549078978212
7431,88.1720816394312
7432,105.58687773426016
7433,133.99217448967022
7434,103.21409594510315
7435,90.56758883234198
7436,116.27470017884832
7437,89.81316621170582
7438,74.00870911942138
7439,223.82206611503977
7440,107.02420296063312
7441,137.46477674396206
7442,95.06407111120235
7443,299.7670645545882
7444,153.77211418791308
7445,302.41306565798067
7446,91.12156703267085
7447,61.53460829746588
7448,189.04144451781187
7449,120.29365431709931
7450,121.6243213765664
7451,73.85720430988144
7452,159.05022807306392
7453,161.07188975895662
7454,194.88032191251486
7455,100.55386053622382
7456,116.50557285006707
7457,176.8962270558528
7458,111.56382090999683
7459,98.23060090473675
7460,149.43698921864382
7461,98.79915635477894
7462,175.82695812431552
7463,142.995691208244
7464,197.4493077435937
7465,117.17806661295103
7466,207.61473483251808
7467,67.04695432709104
7468,111.52226104579378
7469,213.66083010204898
7470,104.36535054025498
7471,218.8883488675204
7472,138.83760401456257
7473,101.99528883721382
7474,114.97619222110708
7475,115.06454790930182
7476,134.3172156841318
7477,87.62508567066448
7478,211.17137158287963
7479,132.54689411864888
7480,137.45731738996014
7481,89.45420572250826
7482,92.09905530871774
7483,282.2380797498403
7484,97.89870941881918
7485,74.27017680245623
7486,209.95719427557484
7487,275.92829262641794
7488,89.08849002442253
7489,240.3332025965492
7490,81.80262655129835
7491,181.8605216502272
7492,173.50813957309555
7493,111.72126434644986
7494,205.7646981794615
7495,128.17310416571246
7496,219.3469454346905
7497,114.08071855461799
7498,181.53937040221945
7499,127.83654360489916
7500,153.81884147449944
7501,203.8149606562209
7502,89.83190558667447
7503,100.52401691426087
7504,188.28118780083884
7505,86.83972522857003
7506,122.92912486407751
7507,221.6296025102043
7508,109.84009439878812
7509,142.2629658532588
7510,112.69952253778295
7511,134.9714486312312
7512,129.89441378367914
7513,174.12280298278858
7514,156.90874204419015
7515,184.3839177746368
7516,80.30832912342272
7517,357.9879331251295
7518,273.97419127052103
7519,112.21932468500233
7520,87.08579869053241
7521,72.29198665510035
7522,160.95407443970868
7523,94.31581108412831
7524,158.0439460756267
7525,173.00859585706016
7526,110.90644039234095
7527,99.7158194156924
7528,283.0425049961906
7529,131.40634623418777
7530,88.78721392360652
7531,116.54780523235603
7532,98.94382651301507
7533,167.09034066307143
7534,82.88955404643983
7535,181.456866781092
7536,200.18672433903134
7537,68.42604763145292
7538,104.06055585914834
7539,150.01196795561856
7540,155.86904585799206
7541,97.60940674708218
7542,193.75497089261432
7543,133.7910936824726
7544,391.37595979662217
7545,128.43940068368596
7546,75.78699613925956
7547,187.61221728753807
7548,72.48094578302792
7549,96.66115539970924
7550,83.53761470361525
7551,169.42262112478036
7552,95.07053295628532
7553,149.68773776138963
7554,194.51718162828018
7555,117.96944668849329
7556,63.74105521131434
7557,95.30201049210302
7558,231.42108623135942
7559,99.36002769780188
7560,225.59888728630386
7561,135.5399137150348
7562,218.8329759403448
7563,104.21910969646763
7564,118.51718932898639
7565,109.20718793801751
7566,117.67310996881011
7567,195.17514009030975
7568,87.76456679167023
7569,119.52938390927002
7570,99.9095059285493
7571,100.69404347592837
7572,153.46593499416701
7573,97.11071909980794
7574,74.81430431725803
7575,92.10891180246531
7576,128.7839601835218
7577,104.88140560461862
7578,107.7949108911292
7579,117.76353457479796
7580,134.9713555870112
7581,112.92949242497073
7582,91.10523164276542
7583,138.12841898851855
7584,170.28554344220663
7585,168.42267791213052
7586,97.06298466295507
7587,118.86894643649742
7588,68.42191697611815
7589,101.05380509010223
7590,276.1239859660733
7591,155.13079314627868
7592,101.91200773343235
7593,192.55425407755337
7594,108.32771443473203
7595,93.52487953581212
7596,134.31270705877625
7597,109.6817230444845
7598,127.07402169942105
7599,97.50639467358073
7600,184.45712831739246
7601,108.96786636730019
7602,116.2146250040178
7603,128.16873000915209
7604,286.092078795509
7605,154.33267078440758
7606,95.12837008777525
7607,64.7920318710528
7608,139.81777945845502
7609,131.13326070127277
7610,104.30210115330982
7611,99.68515520287391
7612,108.45726150240847
7613,152.81862812576878
7614,174.3884243613855
7615,179.4349829961641
7616,175.3941332049347
7617,100.88208163015241
7618,167.99527036830062
7619,136.2769792840865
7620,90.61702713689112
7621,139.2004252770096
7622,66.53947456960108
7623,143.91355184267337
7624,133.89843301996603
7625,64.54998804970788
7626,156.74408740829185
7627,195.4552124205489
7628,169.6823560122906
7629,192.17592223775455
7630,98.59214933662254
7631,147.9154501991759
7632,82.04860345404076
7633,118.72515658893317
7634,147.80773678389673
7635,99.54674635202213
7636,169.29489942386127
7637,198.7041922432981
7638,87.32314764518881
7639,120.97180702956643
7640,106.08954769384302
7641,282.4376465252732
7642,235.73343314255044
7643,81.55498110021837
7644,95.729844999801
7645,132.25356692954603
7646,85.65688947974155
7647,198.70565844309584
7648,101.01608430025506
7649,73.68158117952514
7650,260.0325923137985
7651,79.55088647124612
7652,101.92879093673503
7653,164.38634328586016
7654,144.35251172009708
7655,101.80769831404636
7656,151.10430930183327
7657,149.77495982058394
7658,172.71622129286135
7659,230.10262284889887
7660,141.6054048879904
7661,92.64737714005685
7662,104.7182624847512
7663,220.46069662400868
7664,104.13337583662826
7665,182.95137501001108
7666,228.08487251043243
7667,68.49576079238986
7668,153.41748708504468
7669,80.77233464534407
7670,137.88629666068437
7671,243.08041100204167
7672,77.19740064144113
7673,109.32363076721427
7674,159.73740216481875
7675,84.8863582837448
7676,87.55308384387132
7677,126.62672882607586
7678,158.9504854921999
7679,102.45080237266035
7680,96.25107804498597
7681,178.49702808449416
7682,92.06736333723819
7683,112.38761212506964
7684,114.4684755308746
7685,170.00362166801327
7686,165.33918975815192
7687,88.0958383447408
7688,193.14203867246647
7689,151.49792082998664
7690,96.91836339182439
7691,198.45385542098973
7692,97.75988645707656
7693,181.20121177077965
7694,61.68766531734469
7695,129.00699121094627
7696,78.47872611148387
7697,331.056881390878
7698,178.0252307341653
7699,181.26634255608928
7700,143.0455201836263
7701,89.76975893724622
7702,142.7978303265231
7703,87.13130264181815
7704,169.436640066826
7705,100.62032339671518
7706,134.17540216915526
7707,197.18921131668895
7708,80.03294781042808
7709,206.5917911961083
7710,249.82312086607647
7711,94.1273025519616
7712,203.1171958732964
7713,165.4696225410387
7714,119.63940542397035
7715,140.66573986118354
7716,79.64835310421677
7717,134.68841619369735
7718,95.3890570451576
7719,140.86302220152132
7720,241.31567479140597
7721,240.6280118985847
7722,92.97326356892728
7723,151.8585652587635
7724,122.43033138458765
7725,85.79895016264533
7726,169.04706100263184
7727,107.0841894511145
7728,65.01663406247997
7729,79.96926019970614
7730,132.85024530200994
7731,149.0194996960354
7732,198.9031412697541
7733,102.15517958355592
7734,76.2959235850808
7735,107.82003169531154
7736,328.5303344972956
7737,98.43149634555141
7738,97.73275809312193
7739,232.28009623319855
7740,126.10801397763504
7741,201.1415269744163
7742,97.65710390785895
7743,103.59240460780987
7744,80.97873495660556
7745,155.39661385953312
7746,96.64229498857708
7747,132.60242132681526
7748,123.09874225215792
7749,89.92686269347413
7750,106.60546137098008
7751,92.82481538137662
7752,101.3286256404497
7753,136.77633008724158
7754,94.27294173934501
7755,273.75941086082514
7756,90.32906075709752
7757,185.15817733703946
7758,177.61235750699467
7759,124.92428271406719
7760,114.11706907431997
7761,112.78589708234131
7762,94.38228767296455
7763,100.38835804334043
7764,113.59450418198793
7765,52.283949112785535
7766,122.74362748681474
7767,131.16674518851636
7768,95.4589524436896
7769,167.58279876423973
7770,99.71503000163325
7771,153.4565388558314
7772,198.5686806992154
7773,101.17959077889918
7774,180.6201518326218
7775,178.79108473460258
7776,204.68921284890263
7777,124.43028446815279
7778,149.42677444555525
7779,231.88616777658103
7780,147.60954506273308
7781,119.8565916522759
7782,155.44457518344063
7783,159.40063508282662
7784,98.68578089829616
7785,94.42754959444802
7786,112.13227063840472
7787,199.16412653583828
7788,178.55681403757154
7789,93.80821169960072
7790,208.8601945424799
7791,105.62699447193611
7792,104.79710115012483
7793,122.82374077833751
7794,126.99017595732256
7795,100.132257719613
7796,96.5791727887999
7797,114.04333390698295
7798,200.75203958172168
7799,73.49478909162602
7800,113.29298571964765
7801,200.6910071428905
7802,127.88309706446033
7803,179.62508980182204
7804,184.55715900213647
7805,194.01580560533105
7806,104.71959855677818
7807,226.3993778033145
7808,96.54662216729237
7809,235.93439633128818
7810,87.46037376540079
7811,86.70168406199744
7812,260.1104844277719
7813,96.03740480391284
7814,89.50948660881679
7815,178.573477560018
7816,117.63822267761522
7817,92.43084744468938
7818,132.53453058922986
7819,187.25082125815032
7820,98.13665498635709
7821,203.84480362852176
7822,95.46881197398626
7823,79.24122845998359
7824,101.92263409772514
7825,74.60575851182533
7826,107.85042051752254
7827,114.42333445602078
7828,154.78326112691315
7829,69.19326258886215
7830,82.14492006169418
7831,130.69448648743895
7832,104.44458328526707
7833,158.30405721205307
7834,175.6384957678032
7835,91.97978766652454
7836,118.73709015924669
7837,113.23484422573326
7838,104.77836500346457
7839,124.43365218662268
7840,140.44931417132113
7841,137.77357787066614
7842,102.366303900854
7843,109.3178543527454
7844,111.75584079814305
7845,333.85106884686536
7846,175.21777301719084
7847,110.82020409617047
7848,167.40603916217927
7849,177.60146919448823
7850,97.39446661301679
7851,151.06763923166528
7852,76.36040063044763
7853,106.08501715291064
7854,150.30073349555457
7855,123.33651259281909
7856,188.46062033448686
7857,136.7082919827871
7858,138.3840598540106
7859,143.5850440335625
7860,186.11669172493635
7861,104.67224494267248
7862,155.02138630564863
7863,102.58819804316457
7864,119.18925823284528
7865,195.50529995780965
7866,226.07351004892269
7867,77.01222701117065
7868,127.8455848466649
7869,139.87307341223047
7870,154.1721864259848
7871,101.51646193529577
7872,134.68082721936267
7873,118.2019269028842
7874,123.42043056405365
7875,66.27034092384542
7876,201.47483191026336
7877,241.16599198323888
7878,105.35500003483534
7879,117.97648142106297
7880,99.95810697464975
7881,104.25597287620849
7882,94.38408377370509
7883,107.48815009057653
7884,62.030467362502996
7885,150.24853929746203
7886,132.81042693872223
7887,180.13656538747824
7888,104.83719804446785
7889,94.43148777418553
7890,207.6276721406321
7891,201.94463354048824
7892,166.61919499784813
7893,133.3732126214025
7894,85.96698693817979
7895,118.7467402598271
7896,340.566685076
7897,97.70589381310872
7898,172.77579388773208
7899,147.64470546446438
7900,134.4091928747804
7901,128.4259197998752
7902,213.9735058170803
7903,115.36559139132851
7904,202.23841139111283
7905,149.42921748763234
7906,194.32554912415014
7907,186.76798569565292
7908,104.05666697526884
7909,139.56318283098952
7910,77.92316552944789
7911,108.02334753781491
7912,118.0459454135156
7913,144.07336633462089
7914,229.47008004191153
7915,177.17323776192256
7916,218.87753863518034
7917,88.8499663130853
7918,110.54857815772473
7919,83.31479468515468
7920,127.38527262672882
7921,96.64929734763086
7922,82.12647778699422
7923,204.05821213027295
7924,100.54386748050943
7925,144.97693939307837
7926,77.69315047330214
7927,127.07252101844713
7928,219.32365247487786
7929,86.83891866695005
7930,112.6387923769299
7931,89.00709203770015
7932,83.80152543795948
7933,93.87347014155519
7934,87.91960160288289
7935,124.25660014452785
7936,131.6650942758452
7937,113.66627946386512
7938,119.42591884432585
7939,111.27216780545862
7940,215.5724181587791
7941,77.63811357556514
7942,123.93956124021081
7943,98.86025509658486
7944,193.42286509162307
7945,107.97687331475035
7946,245.7478568268478
7947,256.20509704761
7948,187.30411517089505
7949,93.27817045146735
7950,173.94876664597342
7951,63.21348867829273
7952,156.63897895284384
7953,95.48839291750888
7954,298.99745567474224
7955,68.80258347818626
7956,147.4335680504528
7957,235.79185098940187
7958,98.85026145051074
7959,85.24892294219121
7960,144.94400721642927
7961,84.18239718007257
7962,63.834918040108604
7963,164.4524895067817
7964,107.10808446632355
7965,169.4371763552179
7966,498.36720149315414
7967,130.8491268971008
7968,108.95263185875086
7969,168.66927203975985
7970,67.074233164039
7971,183.1336121486491
7972,144.58548913796392
7973,115.54481343358083
7974,77.68914588432958
7975,137.4479358264686
7976,221.0289615570307
7977,110.16464148826815
7978,153.87561867824382
7979,153.66940395874764
7980,81.24748332343246
7981,192.3979364052721
7982,126.66043643612682
7983,78.4748164885933
7984,229.45718347487053
7985,181.7276593141118
7986,94.02627002896261
7987,227.66672988906254
7988,163.17692409086374
7989,126.86205699118852
7990,156.83520590448444
7991,81.03341848196342
7992,143.51226731724063
7993,172.40963159557944
7994,205.06959949269745
7995,109.1448831080626
7996,248.78401984974255
7997,103.92697250659364
7998,133.69488027695485
7999,92.04121497865957
8000,93.3038527282045
8001,99.72081323514954
8002,178.07467419978911
8003,113.84825426998476
8004,100.29213385250239
8005,115.93946592668041
8006,112.67809571574642
8007,126.78387439788412
8008,49.33455586111282
8009,177.50016064704465
8010,65.01097238744151
8011,162.90375912961065
8012,143.207008547116
8013,158.00431967914145
8014,166.59531385317163
8015,201.80081292409764
8016,70.3611488257549
8017,266.5535976907529
8018,213.60276022481725
8019,111.84829679669481
8020,98.354543361506
8021,170.50680306298617
8022,198.83659651232915
8023,219.163269112787
8024,83.68925114854875
8025,98.53685362856493
8026,82.56025541200418
8027,112.74970042219391
8028,184.21870383082927
8029,197.66599512188014
8030,155.62689605491218
8031,156.2151815891017
8032,99.14094641084297
8033,113.6348224214207
8034,80.25773487842264
8035,193.8246598218879
8036,99.6283024782337
8037,191.5764383461704
8038,186.01111433733743
8039,89.54357070086391
8040,86.33193028857654
8041,132.15492473691785
8042,125.90145500315717
8043,201.4600710437088
8044,282.5905513304043
8045,107.13528247235513
8046,75.27591807358753
8047,452.0284700746996
8048,220.29718878085185
8049,121.28181253427151
8050,146.619341773684
8051,113.45438756412373
8052,84.70788628614403
8053,133.04983435797087
8054,177.1598100389167
8055,162.73613071585763
8056,110.10969765166506
8057,100.82077907469505
8058,106.62260028295609
8059,137.30099343097962
8060,144.09312561452487
8061,239.3467566950471
8062,112.07545838742114
8063,224.24970626564897
8064,124.95654914857244
8065,96.0688080612838
8066,205.99275386580243
8067,162.48007186381966
8068,144.60584303451654
8069,184.90984855565
8070,48.60046010056935
8071,160.1709180448724
8072,145.06850519134986
8073,164.87400897057782
8074,199.46872507407807
8075,200.25436819785224
8076,186.10167875810183
8077,134.80772374431984
8078,85.0514415558321
8079,79.27267645656016
8080,158.2787382729268
8081,206.5514793271263
8082,75.02061342554526
8083,83.80014040622703
8084,173.71850349538397
8085,106.60310526729207
8086,223.45974706014883
8087,115.31196427973333
8088,103.29295236724306
8089,137.0058246551463
8090,79.56627534145716
8091,168.99824941533748
8092,116.96434277734897
8093,197.82295408211542
8094,87.50725685293662
8095,183.99436035600374
8096,105.14530356709716
8097,162.89718357140575
8098,124.8641640917505
8099,176.3357541738891
8100,181.95015722568724
8101,74.93188399226864
8102,111.70441789385055
8103,208.75851026803667
8104,207.27530989704854
8105,112.19672826525623
8106,100.39458601151637
8107,84.39821880857457
8108,132.6709774598664
8109,94.59720627870635
8110,122.4961966770371
8111,149.87173037722627
8112,77.36978933992188
8113,173.08699458888955
8114,80.68625122143924
8115,103.64010890289606
8116,89.05400941012896
8117,208.0839332286765
8118,93.48062324201459
8119,158.51879874036183
8120,81.22758251383524
8121,97.73579478864076
8122,128.28049444983128
8123,145.85896666571773
8124,134.51284096394303
8125,108.10480472370948
8126,104.9001823315287
8127,126.15522391493495
8128,102.02793214700617
8129,74.74512391273103
8130,99.4480232206277
8131,128.25017395819646
8132,193.18943283681972
8133,205.7786088757635
8134,107.4511679621403
8135,124.0399461138348
8136,168.93986636437518
8137,255.21731385390024
8138,141.33951807793594
8139,173.61255701288957
8140,125.95611456122276
8141,80.95505560863677
8142,125.66922659778163
8143,118.76927570401679
8144,140.83204974122413
8145,80.92496667605441
8146,127.8286603987117
8147,138.97437091480282
8148,197.5497709724611
8149,132.60868693185395
8150,144.92107523217706
8151,104.04398237010952
8152,110.56979041167457
8153,70.41903476350402
8154,200.32588838501692
8155,144.52915035712346
8156,96.85917300046006
8157,97.05620956539583
8158,115.61137948719694
8159,55.100823143259724
8160,160.08268642278415
8161,179.32152567967188
8162,173.76998242769707
8163,102.53540506431577
8164,133.49672794813176
8165,71.50314701069053
8166,97.33429951484791
8167,178.58638466017192
8168,171.89439360731558
8169,193.82902080425444
8170,130.07470018528576
8171,108.82339482878291
8172,164.16866696978286
8173,137.46530034692367
8174,132.03573776479618
8175,108.22610235684675
8176,173.9838103556977
8177,83.7367086761997
8178,182.95470131751944
8179,78.36648298949686
8180,87.10098299446081
8181,156.5036535808292
8182,111.89384335426861
8183,106.7875101637841
8184,96.78575306677897
8185,91.77966096212762
8186,71.05938993074632
8187,155.75006151027154
8188,126.53243716367685
8189,110.70190109826305
8190,73.7570765816452
8191,169.46966125429083
8192,221.9672891458041
8193,137.7156163720548
8194,109.79989565572092
8195,139.73211782410038
8196,144.9556879018403
8197,75.90779254091238
8198,255.78124158897498
8199,234.1217660952941
8200,164.53273101225284
8201,280.847788032253
8202,85.9094798110541
8203,169.47271532465265
8204,81.69226884823495
8205,96.7092016764627
8206,211.90919878672338
8207,97.94299848616933
8208,119.44465890983238
8209,224.7442852998838
8210,99.66337269784164
8211,138.40465068233067
8212,71.65141234503832
8213,238.59431033919424
8214,119.88432388842466
8215,98.66565295773941
8216,68.3931716480772
8217,210.87663326593062
8218,224.9467679150003
8219,162.85985830619921
8220,97.99882802195354
8221,110.00025390814608
8222,118.07515231124795
8223,114.03982843459309
8224,134.65116970405177
8225,115.28626380828845
8226,243.68328444468784
8227,106.41262210802611
8228,165.94673212410407
8229,112.06082424464076
8230,131.63749338759516
8231,252.5607161372613
8232,81.40190474501308
8233,189.1966668752464
8234,190.4190072917807
8235,141.99092627235927
8236,172.08266237558522
8237,166.75981067995892
8238,65.58410062113262
8239,413.8384798874531
8240,122.26156987987166
8241,135.84920165418134
8242,72.27729349848566
8243,113.50291774720148
8244,148.25586865854785
8245,194.34926947376863
8246,115.30450894099698
8247,99.71515356071228
8248,113.08084808548932
8249,226.45519894554496
8250,278.6068483240832
8251,127.79112094923704
8252,194.90705539772438
8253,157.30445473604289
8254,258.1882274728325
8255,102.42761925858004
8256,147.63318663789033
8257,152.03011347213163
8258,91.36085687862344
8259,245.16378396070013
8260,147.33466136400492
8261,173.78600611917278
8262,110.55089154855327
8263,118.50545582885673
8264,96.95603279663388
8265,64.19918144660302
8266,115.49840365612782
8267,93.79479060988396
8268,113.88392259812477
8269,173.34917169138743
8270,165.9342905615982
8271,100.95177336692822
8272,91.11704168529602
8273,252.83703912844356
8274,206.07882214720794
8275,98.78973645405027
8276,147.5550494033472
8277,119.0225621775695
8278,83.38316801626144
8279,94.40018215971543
8280,107.65145059362237
8281,116.45108931732383
8282,92.97833545610327
8283,163.01471827802965
8284,98.17210587142662
8285,98.20173087452254
8286,180.6586091661527
8287,87.32334628585772
8288,160.73132480398198
8289,230.78945862976457
8290,117.68308982245281
8291,178.73138957450652
8292,159.5597023561149
8293,106.77624534436913
8294,123.7698110509047
8295,176.23246243943612
8296,78.50505498493672
8297,120.91369380569913
8298,122.51396136712202
8299,197.9070500654065
8300,106.0738762682817
8301,124.91513180764474
8302,92.42862796335959
8303,188.24920122345787
8304,163.80593143812249
8305,213.753528886575
8306,115.6409639700273
8307,142.49265932443186
8308,169.1350299218153
8309,170.31280929465333
8310,79.18102291987361
8311,138.66208244068991
8312,88.32260006001636
8313,153.1706235349675
8314,101.62889140153467
8315,97.75852574063188
8316,114.31632465526383
8317,112.74366480689466
8318,136.11058876336745
8319,127.57408730420094
8320,141.7063761737498
8321,130.4934243009058
8322,166.35131802016065
8323,180.75993574749936
8324,110.47796707209105
8325,129.50359055868364
8326,150.9906116250897
8327,96.20852431760918
8328,81.00016408955699
8329,237.57691236666798
8330,105.85757758844218
8331,110.96530016696167
8332,108.01295220083867
8333,153.46677362328384
8334,265.30347624012484
8335,106.50070847118553
8336,105.01552899980183
8337,235.2435539507258
8338,95.29042369672446
8339,174.36476929496257
8340,179.77011794700567
8341,102.49189136342675
8342,84.3067914659463
8343,96.42992595156767
8344,117.50504154011051
8345,165.51758814158904
8346,230.35389263496677
8347,137.45960346195523
8348,108.51073228972011
8349,140.7416116543101
8350,124.08992223251357
8351,74.39743473528566
8352,85.61246228425568
8353,345.44664304015663
8354,167.76908166300285
8355,154.42133910912725
8356,93.3604278793026
8357,189.7061834586345
8358,172.5450426530358
8359,128.97587673509392
8360,224.30997538104685
8361,118.01142072814665
8362,98.70446915309563
8363,105.37014678175477
8364,114.46007039748349
8365,153.65043439213613
8366,97.58951654195369
8367,110.19691593948215
8368,88.58311891499366
8369,114.00147682052516
8370,67.98771058620278
8371,106.02123816810217
8372,245.07127612327082
8373,280.5068168664643
8374,111.9479897838844
8375,165.09359237923908
8376,187.93056560513827
8377,256.62162928621484
8378,80.60959079465029
8379,198.43126228799736
8380,160.3544305723144
8381,222.78487122023256
8382,116.21167473502906
8383,207.7640002079435
8384,115.64984632519455
8385,103.02009348231925
8386,125.91786585046931
8387,256.90538768005877
8388,108.65908006186751
8389,172.26525983190425
8390,88.63708491566507
8391,90.98896941323824
8392,118.84211574594586
8393,97.47642400880741
8394,141.9237883535255
8395,125.05720907689427
8396,219.59337414886826
8397,368.2089486414043
8398,131.47815056308372
8399,78.85557812834853
8400,167.89201240321364
8401,89.92506585522472
8402,113.10724840561423
8403,78.24929706733346
8404,95.19447750490609
8405,124.38991426644762
8406,171.7601525859141
8407,97.37084611458016
8408,119.86454089834557
8409,80.098795381723
8410,137.84120357711998
8411,190.83009930064603
8412,210.21890606259404
8413,147.00061481428847
8414,84.23152652437513
8415,220.22652346670412
8416,156.84253952638028
8417,143.38071772504634
8418,91.68012476637865
8419,199.33328536915988
8420,369.94738413622764
8421,125.48578646931811
8422,107.11268233008813
8423,125.35034605466984
8424,168.4114589543929
8425,226.92826041298
8426,97.80998908884145
8427,122.71614768448856
8428,173.6562446413381
8429,138.25713529514047
8430,205.50733227844296
8431,147.9561638744355
8432,110.59346606212597
8433,120.87857151022331
8434,110.50364264465878
8435,126.32880541281567
8436,123.0352003170177
8437,95.82805576032169
8438,104.92578174461087
8439,190.2763046958426
8440,118.38665379550535
8441,215.0542176414727
8442,201.80182533140163
8443,96.10784899072385
8444,75.0184781002196
8445,147.37481440634923
8446,95.92534085981401
8447,152.17513192008863
8448,127.802761431217
8449,144.12818464983104
8450,144.14767610065195
8451,123.94421618087989
8452,120.41546071252
8453,117.49304156052841
8454,99.66556373666303
8455,300.14140651442585
8456,110.72535818080212
8457,162.25464936402284
8458,212.43867638935714
8459,282.138660736408
8460,123.92881298191062
8461,215.05167305669517
8462,108.53686772705524
8463,95.29792624553167
8464,155.78783034050193
8465,226.13698231152722
8466,278.08765880486897
8467,176.79303596817934
8468,136.98210124779337
8469,167.96009223803748
8470,210.7261251829447
8471,80.34167198020944
8472,84.45148422360738
8473,189.4964643916166
8474,128.47573225181378
8475,141.18184388093218
8476,164.29065882215315
8477,111.14401098151218
8478,241.3120224039298
8479,106.11642732428847
8480,79.85901371154104
8481,71.2004546450175
8482,142.26026887869972
8483,61.74084513895023
8484,98.87022649020213
8485,86.48149222168684
8486,86.18407738808513
8487,81.56981936582483
8488,95.92074473990539
8489,138.9016411074415
8490,96.885536803738
8491,91.49267498006236
8492,94.96463952693804
8493,79.2720278241097
8494,88.52811603684643
8495,94.69911151821086
8496,108.3411909451972
8497,173.06610157157297
8498,139.65667830678973
8499,89.30563172288225
8500,141.93912766395835
8501,167.45488701250758
8502,97.5153878702254
8503,250.19147407278763
8504,100.02206703662283
8505,177.68076304562405
8506,55.65086414706037
8507,136.1879789107115
8508,174.3216225648556
8509,69.67271578763648
8510,166.03977522162342
8511,150.5164915313882
8512,202.2470038194125
8513,173.89416058700186
8514,212.178258252277
8515,70.33374437164768
8516,221.04642309639434
8517,91.35033774332524
8518,257.7456120870328
8519,94.04184167125213
8520,106.7928934619164
8521,116.1362799515603
8522,217.41458576132217
8523,107.42893560187925
8524,148.6011717633682
8525,186.70084849716028
8526,94.14212707652268
8527,161.99169359320572
8528,347.5784976403412
8529,75.14533546700852
8530,150.37067035331603
8531,110.54081379750309
8532,164.74746469185266
8533,157.64605090592156
8534,109.82279992079891
8535,96.27464326700718
8536,117.30641913173987
8537,95.09178147548164
8538,93.98570854416101
8539,122.17017492374305
8540,329.6298796491899
8541,62.74726897668852
8542,85.20552950865928
8543,84.60074250287263
8544,138.41154115414778
8545,87.497261147106
8546,73.22284874267632
8547,83.38167617369581
8548,166.9380503980488
8549,180.043964382809
8550,106.84176832683194
8551,103.90616352219013
8552,118.68064971271181
8553,76.14253995090036
8554,204.6729620058926
8555,78.16899097664849
8556,155.99875006427789
8557,158.81217946010315
8558,95.99674414032049
8559,186.40834677779685
8560,129.16975417972844
8561,209.52595928073305
8562,139.73787313213612
8563,126.3431527848605
8564,86.21088673354748
8565,131.98951507615584
8566,217.07514516143894
8567,70.20853733175932
8568,71.06244718897153
8569,107.60623652430044
8570,178.49687516999597
8571,133.48679786721345
8572,107.18278084329404
8573,74.20692113614533
8574,119.58486071331888
8575,107.95310367795653
8576,89.24361630298864
8577,211.72838451211507
8578,170.16222828988197
8579,68.0652893006509
8580,64.15842740278285
8581,106.65145317086038
8582,108.14729239430017
8583,92.52814617900566
8584,78.99240728517265
8585,102.08287608848985
8586,113.31344368364142
8587,155.889863640468
8588,79.70314094471752
8589,125.59960923576682
8590,78.36081091507573
8591,89.11363978823272
8592,89.48371366266875
8593,133.07522619937606
8594,111.95555584381285
8595,149.41446591548936
8596,143.40216915169643
8597,205.49704203309653
8598,147.52088729905222
8599,199.01912762586153
8600,92.38444969678035
8601,132.87099807228194
8602,45.8478417065775
8603,195.95842796099524
8604,91.6064091330524
8605,156.37662560537115
8606,161.74892376940608
8607,171.7565059333298
8608,342.49339326176494
8609,189.17602566061288
8610,261.1892157920778
8611,126.52849690700668
8612,256.88526765822365
8613,91.60811415182764
8614,123.15604287071731
8615,88.22306876333025
8616,155.1149394618966
8617,99.21772079712093
8618,84.63830664069269
8619,74.87875255492179
8620,80.0511294724952
8621,67.38029195644981
8622,183.9168550433268
8623,113.5377605862351
8624,77.31875716713881
8625,188.20627153228222
8626,207.65277150267133
8627,92.44125184681236
8628,123.5528632943132
8629,300.53419987515736
8630,132.62803239476668
8631,145.61018653661108
8632,120.05353755957118
8633,253.44226894111972
8634,109.6066346222918
8635,107.31630933316791
8636,121.45935443695083
8637,95.13619134061796
8638,112.05601257681285
8639,101.05086940550694
8640,102.47516680081596
8641,186.7991894275723
8642,80.99516657970938
8643,114.02751139951636
8644,111.7442098043739
8645,157.99398214928516
8646,92.47899703489836
8647,102.60116613426122
8648,136.7658735635453
8649,199.7793819697591
8650,141.37957017798038
8651,108.57948105972716
8652,119.34559572984517
8653,246.47887240095636
8654,72.92128834824577
8655,193.94419588007048
8656,67.45114907775108
8657,150.38077065043825
8658,112.46633383078448
8659,101.20900257865023
8660,91.6554301709131
8661,108.78971903258739
8662,94.9060563044892
8663,192.54238611453442
8664,146.0295788011477
8665,92.35734822232871
8666,173.85665318100556
8667,187.3122596875338
8668,360.0320855923372
8669,105.52179470217933
8670,133.39770575361382
8671,109.74122174447915
8672,137.45005956463794
8673,120.54362782097715
8674,69.39940063169178
8675,182.03551956042975
8676,117.37182365664577
8677,154.19367737482597
8678,155.66315586473783
8679,97.48276088172219
8680,118.19417491326564
8681,231.45091437591626
8682,172.26003986576845
8683,220.995455023168
8684,106.99767812795797
8685,98.78553312948384
8686,111.34491520903441
8687,190.58709959900727
8688,136.60961464371564
8689,79.9426591090858
8690,87.55836146220426
8691,188.40680929038353
8692,178.77417119894932
8693,154.84275482752543
8694,199.3633157351007
8695,240.05570234811236
8696,194.54063816212158
8697,119.27595056306097
8698,155.91540508841047
8699,86.18254614424363
8700,153.6986375933999
8701,112.5555434015412
8702,104.66177610707159
8703,89.07608712939629
8704,125.12969468881039
8705,138.81603000606623
8706,50.52032027520609
8707,141.18909841099247
8708,79.94151232351823
8709,211.65218302240893
8710,68.3119414039292
8711,111.92918407306026
8712,185.64312136419596
8713,155.51969165754102
8714,99.35971016178655
8715,73.05947884564699
8716,104.43053406847716
8717,125.79633974838717
8718,129.3865049475289
8719,191.02323007764642
8720,119.13486419215658
8721,60.87607006885802
8722,152.56140063648803
8723,93.9000739892922
8724,195.30974804091989
8725,142.8493452899653
8726,90.51606426038141
8727,195.09496213938706
8728,102.35108852280575
8729,147.83052863314157
8730,100.27766037435448
8731,96.04438530678149
8732,139.95721333679202
8733,101.15523339694514
8734,89.12980445238992
8735,119.76851646033678
8736,152.6419770069538
8737,103.16937567917213
8738,163.72942717491338
8739,94.6450387205193
8740,174.16548861729487
8741,117.48264468142614
8742,181.6741062104939
8743,227.773818315917
8744,120.17945763184487
8745,128.4593840123258
8746,131.7261034143256
8747,206.05276768809068
8748,201.95922322167533
8749,164.0293748507501
8750,81.14919936768337
8751,111.85892485663757
8752,102.42650576489751
8753,181.7281373454513
8754,119.57986849135858
8755,104.0092370586571
8756,182.53469836069172
8757,125.91962756963215
8758,222.24450237525656
8759,351.74285268335086
8760,193.9680902529417
8761,113.16307299796591
8762,92.14369329347377
8763,142.97825205792614
8764,167.7849399624514
8765,196.04154626796685
8766,94.25189244965392
8767,99.74371980950892
8768,131.7157552540059
8769,104.90674540102296
8770,204.4574222961357
8771,109.26366781272398
8772,80.66114959535443
8773,121.81502602789928
8774,156.14477765106088
8775,79.48608891893424
8776,201.74233404588284
8777,113.85484596501249
8778,116.46501512630135
8779,105.3449121615641
8780,192.3472102043438
8781,97.13514945840363
8782,147.9028691957019
8783,153.08216234806477
8784,140.57112308276342
8785,102.04832355023399
8786,127.28281291991733
8787,149.98872782134274
8788,174.7995693918789
8789,206.05047565449695
8790,109.65439951466479
8791,270.71902724625164
8792,95.56470220465391
8793,144.47763555091706
8794,126.48020856766583
8795,99.87441739180446
8796,105.68690114292086
8797,103.70211919214164
8798,315.4808630787046
8799,96.94863941656547
8800,142.84144963942043
8801,176.0924048500482
8802,174.4881553427639
8803,106.82390200697373
8804,149.05968072768775
8805,177.71098472830909
8806,131.23912778136477
8807,231.89830040048685
8808,174.92145684722658
8809,171.7015286248611
8810,173.49248952140152
8811,74.78547891261809
8812,98.74891956042308
8813,161.9853987966342
8814,66.09347008518236
8815,59.97234530273303
8816,79.06813914733047
8817,163.33253014582507
8818,294.3607824919784
8819,129.54915257052104
8820,210.62899320433232
8821,120.35838578560448
8822,87.21196939481467
8823,176.8503064585034
8824,173.53132628999438
8825,83.78464256422359
8826,135.1659678362682
8827,219.1711836477107
8828,189.42948692568
8829,156.5475510736585
8830,182.2067494449421
8831,95.64674820477609
8832,128.47505906357446
8833,105.49980197335108
8834,83.75656548279483
8835,124.08208292704336
8836,131.68498152798625
8837,166.64894800368566
8838,87.09592278335195
8839,119.76496113843388
8840,190.10747288638356
8841,142.02632342042648
8842,211.59275162712777
8843,165.7391743222832
8844,245.9893832936934
8845,208.0926565513982
8846,83.80390399894483
8847,153.19881270737483
8848,92.6293720724657
8849,59.83725080560806
8850,116.58809244736923
8851,109.70754794596205
8852,65.78202040863157
8853,141.48895497727526
8854,363.1320820040303
8855,88.19657282610913
8856,149.11022370559868
8857,95.15154362376123
8858,170.46710623209117
8859,194.7022174604295
8860,95.766470726366
8861,82.91330885231582
8862,97.74696859194
8863,189.54880310822918
8864,316.1552450703804
8865,197.7911363896441
8866,228.02518621092077
8867,152.2016848398606
8868,94.37752656512693
8869,84.57765259433035
8870,111.45688730515225
8871,97.96163911884105
8872,207.51559403845837
8873,143.53280584255643
8874,120.44181796536853
8875,171.34466972290298
8876,211.83614536488832
8877,173.39225494625586
8878,77.87869284050305
8879,207.11272587281087
8880,151.9994711693692
8881,112.7658232155456
8882,112.10372268028598
8883,190.8060846234414
8884,128.1296784038101
8885,143.70741949091283
8886,142.7336841189237
8887,250.8220283838566
8888,180.93569369215305
8889,173.90810320768213
8890,183.49028316657183
8891,121.5603622005552
8892,114.62471002374426
8893,177.43646463411702
8894,135.60276460802513
8895,92.92637357779603
8896,92.10026955921398
8897,75.25944779665994
8898,137.5987720574843
8899,97.64063957154482
8900,112.10974628595247
8901,139.78636062442658
8902,95.8860833593883
8903,310.4635400977879
8904,131.27458903040883
8905,130.3897072173377
8906,86.82379764307561
8907,138.44326528497965
8908,157.2991208629767
8909,116.67318325506854
8910,88.09352964004275
8911,249.32143711554136
8912,182.30191576430917
8913,97.64112171632394
8914,109.61332130325796
8915,216.17206968992505
8916,262.72082889359183
8917,141.82923050024078
8918,99.65529242827033
8919,149.63970652361962
8920,345.3774930882664
8921,219.01122202999784
8922,108.08453328373875
8923,154.4929840790598
8924,107.694886655273
8925,95.33414354444695
8926,91.47736460297102
8927,113.93923000447663
8928,98.175384769109
8929,101.56693096019147
8930,110.39181417713064
8931,168.57924813961378
8932,178.3246592390159
8933,54.394521687229066
8934,105.60654873990376
8935,122.89591862066926
8936,56.375454276908364
8937,78.29932491501583
8938,349.63832578061016
8939,83.55818774548622
8940,132.24291556781267
8941,274.88578779065267
8942,110.70864447532145
8943,155.4567869242697
8944,236.57819136187533
8945,65.98103677820215
8946,96.17771040239087
8947,186.07961506107648
8948,56.411020029144034
8949,150.90037348565508
8950,166.40947599885328
8951,126.34596006228776
8952,87.48088594792397
8953,256.96609648541113
8954,102.3254263576367
8955,89.7073018414024
8956,53.68770101323127
8957,130.01101025210343
8958,101.1112971127536
8959,107.56325017128992
8960,121.72031337948123
8961,67.0563032373546
8962,188.38008317842576
8963,102.62902728469183
8964,302.88128535042404
8965,217.06365128304924
8966,77.6462723102509
8967,92.58328491533318
8968,176.30425413922268
8969,109.61690962441088
8970,100.3169784294632
8971,89.56512484293565
8972,170.1627766621587
8973,90.8623868345237
8974,173.92974123095172
8975,185.76314563266612
8976,92.20101956890326
8977,68.63118301536448
8978,145.35298740611887
8979,100.09989381589541
8980,155.50312020780655
8981,121.7976878690354
8982,98.30221240487938
8983,258.48241562969656
8984,80.99880618934723
8985,158.92330503111202
8986,90.84209226490091
8987,299.5959643856847
8988,99.4099305411334
8989,121.41863657740709
8990,122.9912552648904
8991,94.82807918754122
8992,97.06950309892304
8993,92.51339838687684
8994,93.84730023297989
8995,84.67476707962555
8996,212.72738637751496
8997,101.05909082806954
8998,153.71349638510557
8999,76.87674627816847
9000,227.64262893725083
9001,117.5958702061287
9002,102.20472824334712
9003,92.6008559920085
9004,235.98262637987665
9005,158.09763482424518
9006,218.14916358890065
9007,150.5223736286244
9008,97.30954698541771
9009,79.96483373783003
9010,348.8471799339262
9011,194.07553097939493
9012,95.04197667181089
9013,176.38947703189206
9014,208.86472590652548
9015,80.80640217557985
9016,153.42057586960408
9017,149.80935664017227
9018,187.70434488300015
9019,142.54174718876936
9020,88.63178348029976
9021,184.91402760385785
9022,71.49112520684173
9023,126.45455068954925
9024,121.21817916197014
9025,245.4799966581807
9026,210.73581469320945
9027,168.11589511637686
9028,127.5040948138711
9029,177.95806287474556
9030,414.363681030587
9031,172.81814466303285
9032,92.00253168319482
9033,147.92240671049495
9034,141.64732253414482
9035,114.30091952529847
9036,147.07948355181864
9037,270.45211741173574
9038,130.4099455441439
9039,117.75848271334718
9040,133.6912760024638
9041,126.70328839462672
9042,121.56468708471984
9043,108.91700151783482
9044,69.4075891953291
9045,93.78928391267911
9046,281.58665952113336
9047,284.0635436636055
9048,110.03481364006254
9049,211.49737588060214
9050,98.37308428010374
9051,122.45597825296804
9052,149.60077025559352
9053,125.28990880262029
9054,90.4037015498505
9055,92.56773702337014
9056,246.7082371556071
9057,135.89910996016647
9058,183.81921630716695
9059,105.09761362375494
9060,85.01269998130138
9061,104.22206989452368
9062,99.93465612378762
9063,99.60668565471558
9064,128.26680738292666
9065,227.74605675207172
9066,71.52708222503998
9067,105.94751885149587
9068,130.428790306835
9069,148.2325959462223
9070,210.78315860965563
9071,125.17436597846309
9072,250.12825392306468
9073,87.8393415558865
9074,96.96063029970892
9075,232.62815404077844
9076,147.10123207792483
9077,83.6298700645757
9078,185.97077057317682
9079,120.70308134083342
9080,120.24029478704487
9081,123.92787435134413
9082,163.25556090678623
9083,306.7594805475922
9084,86.92855965653973
9085,100.00451371672077
9086,130.90614818292818
9087,128.21775007584125
9088,85.05636302029995
9089,171.68689480648143
9090,186.70741842392505
9091,169.8273061150647
9092,113.55310691792693
9093,284.5223808855979
9094,76.78317062593263
9095,127.52414675958113
9096,189.29407755296702
9097,218.58632272504772
9098,125.20164962026846
9099,92.94437161854044
9100,111.06227705402539
9101,232.95382656684257
9102,117.94550902654578
9103,112.45457404039901
9104,101.46966878114942
9105,96.91535061567416
9106,98.07727197683903
9107,122.5695504296162
9108,82.56660170328388
9109,115.08401464745658
9110,131.0775807580089
9111,113.20829554993077
9112,91.4314881698524
9113,272.3017129830507
9114,96.3982823789259
9115,132.24123608629603
9116,115.20334398931192
9117,153.8250645270329
9118,75.31514107409063
9119,69.1410447591788
9120,142.94860298736907
9121,183.0523626764847
9122,198.389739952535
9123,152.02993243707496
9124,171.28589345600994
9125,105.01672418705095
9126,93.26993802478299
9127,126.63630474913958
9128,160.51670937457138
9129,117.81497564349256
9130,121.92654023737167
9131,68.76348174010789
9132,133.1910890459275
9133,137.7454766419849
9134,98.67615085784264
9135,127.09136913677484
9136,249.26367251892958
9137,168.83663241233918
9138,81.80112568702663
9139,113.76827409924931
9140,98.09191604256924
9141,87.65228132624162
9142,71.48412334673753
9143,235.32191602722355
9144,200.54899860560278
9145,94.50404723872131
9146,135.4712023085023
9147,78.94593478991865
9148,158.53158523420413
9149,193.55352907666565
9150,246.94406812562264
9151,105.3341199327645
9152,122.3458035304607
9153,106.45072279385668
9154,365.1002024251719
9155,76.07685922921715
9156,83.8539298387305
9157,155.0587489386247
9158,191.07907756611436
9159,81.14410873665562
9160,250.14408363115868
9161,162.78110666883947
9162,214.86815481194097
9163,94.57819332739291
9164,84.52153181935978
9165,83.11504990146096
9166,100.46531638746055
9167,67.55307769118157
9168,95.67358721127411
9169,114.65444652816078
9170,87.12081709615839
9171,100.4424394083058
9172,126.05797972841864
9173,268.8323157442618
9174,164.17949472753833
9175,117.19451216637998
9176,94.36946631729465
9177,84.03719201391614
9178,116.3895730569416
9179,128.01065267348838
9180,145.1856668737487
9181,87.98294441221071
9182,136.44160826446233
9183,161.23084610901094
9184,183.15612750555368
9185,89.24457560583787
9186,112.66904579381297
9187,104.03633368888798
9188,139.42456087623628
9189,217.6594788328582
9190,122.29277112927626
9191,311.93793048480063
9192,101.33209943051689
9193,117.46661792981338
9194,230.74242728975025
9195,218.67154412702433
9196,73.9450140476781
9197,113.86515977146227
9198,101.10593318288775
9199,227.67740049697844
9200,106.96161653447435
9201,202.25303602184852
9202,162.21847222944047
9203,69.59021339470029
9204,102.77127520056908
9205,121.53598001509363
9206,93.11408363611227
9207,153.89205850209436
9208,264.2183942346084
9209,117.77825453641935
9210,108.14894482661444
9211,124.51891756890656
9212,74.34444982222905
9213,134.4663670784581
9214,108.96866305759107
9215,173.50430118435668
9216,82.16410033771595
9217,120.6635638445442
9218,78.42600971281695
9219,97.40361684558982
9220,141.23548995247467
9221,91.99876303146038
9222,114.17187165990129
9223,168.52223487374627
9224,244.5423756231562
9225,100.29741454313864
9226,108.35830454979951
9227,163.04166313747794
9228,86.19477892414703
9229,134.56798810080494
9230,165.55488625780902
9231,111.23369956656245
9232,128.51148705715036
9233,135.82745343645973
9234,129.31115236515262
9235,104.25244162970012
9236,140.67913137486204
9237,107.77213553551601
9238,156.3423513798111
9239,151.74357760301584
9240,132.60733043905515
9241,81.65889396968987
9242,105.52434816766447
9243,81.67788609686164
9244,74.16645467261836
9245,135.86783540564983
9246,161.1802023893513
9247,98.66227831054994
9248,179.47036935082247
9249,169.86285025942797
9250,144.22173139115864
9251,78.86191114801285
9252,169.39009877743615
9253,125.09582653826038
9254,175.29828706042713
9255,170.63054592758982
9256,117.90335448500366
9257,69.85910170221474
9258,100.1131379330136
9259,135.3023625799241
9260,157.531997487179
9261,102.2550901304678
9262,100.45343272922275
9263,115.03781899417896
9264,108.90909468006275
9265,236.20567406240554
9266,82.40170441708811
9267,159.70070605375722
9268,120.79803822794119
9269,122.3611643369238
9270,120.48683946853467
9271,255.85746298523688
9272,138.34144455322158
9273,93.83194964871907
9274,205.8545446572065
9275,165.7257430216868
9276,83.87208042764775
9277,100.96455236086464
9278,81.43360628744108
9279,136.28924013930032
9280,79.4736623187759
9281,103.34127334890498
9282,208.79918546649452
9283,148.69642874863501
9284,109.24431944718486
9285,129.84665633342362
9286,64.92203941496
9287,207.8252370822847
9288,156.42297715681264
9289,253.86644479130925
9290,167.31681734380714
9291,80.9041389964272
9292,92.58045044375146
9293,138.64575347638123
9294,179.60126801910144
9295,127.04909598918843
9296,128.42731534812464
9297,92.6656102799781
9298,180.4328886211671
9299,145.14441159042752
9300,229.91189348246547
9301,100.8623635653567
9302,81.98089655283941
9303,215.24938500972655
9304,121.71374605383122
9305,175.6564707102734
9306,154.7899843507081
9307,99.7569296190228
9308,118.4013293619884
9309,208.05193263600893
9310,142.6833210382664
9311,111.67492778892465
9312,153.56841261323726
9313,91.18586002760424
9314,205.84115516465317
9315,90.97676208640627
9316,274.91262644591427
9317,128.91532538544465
9318,203.7205975734829
9319,97.1721988631734
9320,90.91888603751016
9321,102.4593514031805
9322,123.58612807107359
9323,111.91648665359588
9324,138.32452081507674
9325,293.28142092548745
9326,99.2438729241857
9327,116.75101085818247
9328,82.83714795782431
9329,144.8310924099826
9330,83.27258759200595
9331,141.03897310569266
9332,101.78345423667797
9333,297.29514048553904
9334,150.91641934177318
9335,80.43838080185874
9336,89.37650256948862
9337,133.22381873709202
9338,122.03842235765899
9339,146.9413334154745
9340,73.66474334701742
9341,108.2060469730116
9342,100.14999898191027
9343,84.58579484425431
9344,239.32933518627428
9345,329.05318748837317
9346,161.19001374050453
9347,119.64126707850461
9348,135.4026251157323
9349,78.27621318981844
9350,216.63153050303237
9351,222.22489873802354
9352,127.92467264977522
9353,248.8593495556703
9354,231.4782469236996
9355,175.0440732758313
9356,85.12910070658319
9357,102.12623938449548
9358,72.66529055616182
9359,257.1702177088893
9360,217.47379209030817
9361,204.18668982711057
9362,104.61921354267727
9363,175.27418712930077
9364,135.86824162364752
9365,158.30746685830138
9366,101.8282691094347
9367,99.70126703427147
9368,88.95600630150253
9369,150.8298885358838
9370,101.17484905713548
9371,214.96124881383514
9372,94.76658653852016
9373,100.95007025354144
9374,156.1381117788331
9375,99.62149242762274
9376,205.1204130328893
9377,94.128428655922
9378,147.7034745706909
9379,153.16130174606192
9380,136.37915337463318
9381,104.549808715077
9382,84.20121945607383
9383,167.3346612262127
9384,88.87562305113929
9385,150.27212626163612
9386,105.44922524466557
9387,151.07640807426708
9388,136.94741930177977
9389,145.43889965975572
9390,73.86700097606965
9391,105.09116725637935
9392,67.4366012072945
9393,164.2319686847567
9394,98.36354964417256
9395,80.82976333238588
9396,123.08468332556048
9397,85.40635403994173
9398,129.86047148373936
9399,165.56418447739924
9400,174.06693912561056
9401,184.2984115344943
9402,138.90221548144643
9403,104.1538582663398
9404,99.38575942577336
9405,125.16999089891029
9406,213.34695141796416
9407,88.04343994286546
9408,96.22953933267263
9409,92.04037097610029
9410,141.4744997564977
9411,198.5434670744952
9412,239.3827422190563
9413,57.87457315903043
9414,199.26169498202927
9415,152.05076170072152
9416,95.94458913375688
9417,146.02639882918484
9418,80.12782809110853
9419,93.86512388979635
9420,172.13479701087738
9421,144.1823443142719
9422,129.40998524986426
9423,229.662326584744
9424,105.50424579018556
9425,110.1091637052933
9426,148.25925217819113
9427,201.90424327721186
9428,88.33781293833998
9429,134.27675420743782
9430,215.97058627393739
9431,165.452613448408
9432,147.3524712081025
9433,195.73102973331982
9434,96.21209187679568
9435,71.56969696422864
9436,92.81507315376976
9437,124.34173252836905
9438,81.40097424782196
9439,176.62339985074
9440,75.45358463820443
9441,190.3775839562366
9442,140.84124839175297
9443,135.10634106923254
9444,72.77069549284258
9445,141.10180993762702
9446,200.5605635969402
9447,72.78984018083081
9448,69.58633397902936
9449,108.5170485215065
9450,137.47114812763243
9451,117.86084046277661
9452,212.23503790881648
9453,146.60000409882312
9454,156.05654416525329
9455,148.54929085648538
9456,147.81512519767176
9457,177.61971423431163
9458,120.18899991386917
9459,142.51218829791932
9460,146.07106373035828
9461,105.71820231432183
9462,147.23161928812965
9463,113.88635294783435
9464,110.6363858579851
9465,260.60360196083946
9466,348.21185808246827
9467,119.6332026611075
9468,65.63975402912573
9469,220.85415183712
9470,126.16900454960825
9471,75.48123982531956
9472,101.84411655355282
9473,97.37096619030905
9474,119.13528923368511
9475,88.3375906662356
9476,288.4416590256118
9477,96.83089763177665
9478,57.55807815464345
9479,92.37175784146834
9480,66.8081066430089
9481,117.17914616283223
9482,99.53502221396708
9483,101.26250525361324
9484,123.34006415356745
9485,130.51648596270752
9486,100.66102183847684
9487,179.68855520937936
9488,104.4853966787968
9489,121.47403627615176
9490,138.88494854917622
9491,124.46914763865516
9492,97.28341110509211
9493,97.26677525384538
9494,117.24364217122809
9495,122.85474237320446
9496,254.39612234761427
9497,213.2674575177335
9498,89.8181356309453
9499,135.63976533847023
9500,188.04603554098063
9501,305.2868202236081
9502,122.50002693699581
9503,103.64369369068143
9504,111.96997805061702
9505,85.95090175572665
9506,104.55751648530178
9507,101.32594162261978
9508,127.8926049192709
9509,169.16977604388904
9510,86.88625729942214
9511,79.19699953347
9512,110.69031289379805
9513,102.67753024376465
9514,157.4496718444141
9515,124.53791530414213
9516,108.82829408502351
9517,74.14940237106929
9518,135.35451366021488
9519,99.8383114636756
9520,333.51044989700796
9521,151.75461608079345
9522,77.57367522132654
9523,175.497277418705
9524,144.00381909943886
9525,104.49891563418944
9526,85.55262761602604
9527,90.98419302260112
9528,145.5525570904384
9529,122.72730699326051
9530,183.50810496982473
9531,144.67934061548092
9532,104.15926214183412
9533,256.9641310114322
9534,101.03956858381797
9535,105.71122376428534
9536,73.7517157476478
9537,128.8687967700367
9538,72.28518619798274
9539,233.11026953428953
9540,140.76320412270923
9541,115.6776982701804
9542,73.27954985412418
9543,113.30535547344672
9544,148.21778036193572
9545,91.15795210737149
9546,132.34436412105407
9547,167.55479500376555
9548,219.65494023220685
9549,106.98655788698764
9550,175.5413688611885
9551,61.327349438099695
9552,121.18249863271583
9553,204.1514860406241
9554,94.66740573431167
9555,201.9762850116321
9556,100.87562221360375
9557,126.08948106176614
9558,82.5258625706949
9559,150.40007578081773
9560,107.9373457731509
9561,262.970947000602
9562,87.34057816060289
9563,107.99488703071435
9564,125.5104901469757
9565,196.18645918044052
9566,74.70448758268006
9567,75.36848662035683
9568,132.77354945070306
9569,131.85975420415667
9570,121.93009720787428
9571,117.29434224782739
9572,97.03727918204501
9573,180.47988287867054
9574,126.62426951199483
9575,114.96399279566936
9576,100.75047372627468
9577,143.61226581945513
9578,128.25758901521752
9579,148.72644119327634
9580,105.23573546931738
9581,114.26255755780025
9582,201.40052119313756
9583,129.4367086779268
9584,87.3631968110179
9585,252.61972070830234
9586,120.60352291302058
9587,166.96428401366248
9588,118.11775004772926
9589,124.70832741357522
9590,206.3212551243272
9591,90.29582066385139
9592,202.80554490868613
9593,191.91057282870588
9594,193.2205398301757
9595,162.828574712526
9596,134.98432196845351
9597,149.0523241872368
9598,176.4735069108702
9599,197.8691903851453
9600,104.9649834053394
9601,79.64909476478576
9602,306.85734873041065
9603,122.00785459557602
9604,84.77357725828948
9605,292.7910384484137
9606,155.55220911662843
9607,103.11330194471678
9608,98.1168112813216
9609,403.4991192856229
9610,122.8961400726729
9611,147.09559703714444
9612,203.73950247251597
9613,125.6541149088035
9614,104.88284622628058
9615,102.70846895784504
9616,304.31951410040546
9617,154.72186710869533
9618,84.02254930256444
9619,150.1958621074939
9620,200.42083357966843
9621,215.99662894764595
9622,163.49431706102865
9623,54.14661866162528
9624,103.39464884089057
9625,80.16034414989838
9626,135.40978227254584
9627,88.05415153951381
9628,129.11855645187367
9629,89.13047716919287
9630,128.5525261994245
9631,169.42807350224086
9632,95.80379720585526
9633,212.57513318324263
9634,155.7271408985934
9635,315.53361133064175
9636,204.57527919716648
9637,131.77260945259613
9638,171.72678098687058
9639,109.51916814460371
9640,88.11643661471574
9641,155.292164851813
9642,176.6049208498968
9643,80.84440982860454
9644,161.82047914241315
9645,147.5311774361862
9646,200.81343677788402
9647,108.61083459853579
9648,113.05380966898827
9649,65.53244764569742
9650,159.1804120064817
9651,87.22047863821294
9652,111.26412971045696
9653,105.04166125839589
9654,91.61160653786655
9655,128.15667457100614
9656,117.03598789198603
9657,94.37910472740128
9658,83.68575531981004
9659,92.56824512633473
9660,114.07275734181734
9661,114.58470882840754
9662,93.73795031615606
9663,245.99476612974144
9664,85.34273151859509
9665,132.74969305556058
9666,95.01304997510647
9667,75.83815146577918
9668,73.67063062533741
9669,120.290683107794
9670,89.33012440688513
9671,157.2730387212327
9672,224.36015767151721
9673,160.85163783686613
9674,136.3691525184555
9675,152.11782278910962
9676,186.15227088606105
9677,97.15139100843791
9678,94.99594188088723
9679,88.48890988369833
9680,238.2311977333327
9681,100.93538185071584
9682,251.3569694207563
9683,170.97538773641494
9684,179.37960862765408
9685,188.8877344515337
9686,183.55739181057527
9687,92.1749754707803
9688,175.0602725057761
9689,113.4202055807508
9690,92.54529671257117
9691,203.58306225108396
9692,135.46699327909417
9693,216.71314427559278
9694,184.45618807205074
9695,298.06307354798696
9696,167.47689632272585
9697,88.41537019500028
9698,219.57247673415094
9699,98.09745335411212
9700,93.73409289725582
9701,84.24805937190837
9702,125.71031457769249
9703,112.75750154800828
9704,151.86107517461193
9705,120.32559428189026
9706,174.34404485151072
9707,107.36712997283692
9708,180.97946936457348
9709,209.0355976469424
9710,94.52492577996493
9711,75.88838543954316
9712,111.92770668698657
9713,96.89041975838614
9714,167.21888718003297
9715,161.39989378889382
9716,201.50067366454448
9717,98.70727750568986
9718,83.7156166476164
9719,77.0837188881921
9720,95.5781064506283
9721,121.75179248439329
9722,112.95235467768828
9723,185.09084018617602
9724,202.27471060246774
9725,102.2472338043919
9726,178.59513809015863
9727,71.77948856055059
9728,69.38926905389319
9729,211.5157771898443
9730,146.21188129914896
9731,263.2824070847329
9732,93.74760392378789
9733,136.5856146212352
9734,72.24480352038914
9735,173.7249256468388
9736,134.33539482845893
9737,166.18944795196524
9738,181.8745368790182
9739,70.31613885397078
9740,91.22305443435691
9741,102.65239054463949
9742,80.24453552819229
9743,215.04876402089576
9744,113.55668629861492
9745,80.57917039641362
9746,177.9005707447851
9747,144.72652939070667
9748,93.73691065235991
9749,106.0950491612302
9750,132.54129368631348
9751,119.8924921792366
9752,290.8219186625401
9753,76.33998608427876
9754,140.62804984433507
9755,84.99997756963555
9756,110.77125582471135
9757,125.1922930098051
9758,122.50190941747178
9759,88.46835667078133
9760,239.4915845920732
9761,75.95480979729521
9762,206.779229158068
9763,105.76405732086029
9764,147.82035189895993
9765,89.88860064121297
9766,137.59819816246448
9767,215.83645714274056
9768,105.20330800242601
9769,96.24698157296088
9770,82.05145982446783
9771,290.79579066935787
9772,108.07338079210703
9773,163.40060361913845
9774,110.67722095868108
9775,107.31633191515812
9776,117.23974902632374
9777,147.08145528457905
9778,92.56791528010896
9779,97.15543954916717
9780,156.41490476761484
9781,78.78786248493674
9782,158.87144527409026
9783,282.3288984770483
9784,134.22341388177404
9785,132.68164811066165
9786,134.17453452398092
9787,108.56350357863464
9788,109.10473078135087
9789,94.03007381769858
9790,97.77745068759364
9791,122.5831792095644
9792,136.07050943589337
9793,205.55835091160674
9794,140.72424453486002
9795,159.5487544498479
9796,96.65587818193441
9797,162.64997590231397
9798,111.06623614574613
9799,95.07603623628326
9800,152.12043726002838
9801,89.77533255776177
9802,219.74365070897107
9803,131.0445303714661
9804,90.7610298169303
9805,53.240157627049705
9806,128.7228005045077
9807,188.3329658548624
9808,131.72076988062267
9809,101.70135484521586
9810,103.8746608987889
9811,70.93134724332967
9812,106.73479869435974
9813,84.18708954791262
9814,125.11347101050123
9815,99.96521021946052
9816,203.36746600600242
9817,180.45639848029032
9818,145.30223117687999
9819,89.75240299761118
9820,226.09304386288107
9821,142.0300543668971
9822,136.75458235914437
9823,83.53350090876943
9824,123.75684627003403
9825,200.27507983753515
9826,158.00551983450015
9827,107.5518369377348
9828,203.6950480435973
9829,96.21000738728812
9830,129.1805340403635
9831,174.27004996621605
9832,115.88033003191661
9833,81.33832741182886
9834,84.94425548521957
9835,165.60331314337617
9836,123.97862330835503
9837,107.10100817402548
9838,170.79384174193
9839,257.9496813382825
9840,108.85307994855057
9841,253.60434511458422
9842,148.7718059466803
9843,165.88627419340904
9844,171.95967946471873
9845,123.47890491620474
9846,144.76543164117712
9847,172.48946720695182
9848,98.36468271007757
9849,124.2453604234006
9850,78.938937894644
9851,129.19761985673838
9852,154.52031603715903
9853,98.20136102543233
9854,173.43887745820132
9855,124.33760875015156
9856,117.51035352557263
9857,154.69255170031906
9858,86.23146933687035
9859,102.09776718821293
9860,98.16960282301565
9861,112.63605667138071
9862,114.09339012455408
9863,187.92560516944502
9864,75.81563243580777
9865,134.95438439449205
9866,116.22734114319752
9867,106.58708085773833
9868,191.39368531636114
9869,114.96318929021689
9870,110.46829804843551
9871,152.56282011346468
9872,122.67661333178675
9873,132.30214609794652
9874,124.5919675833602
9875,119.24436780407419
9876,92.43071854263819
9877,127.25706185832767
9878,102.29508743054657
9879,88.79415024498851
9880,98.58616387866655
9881,201.91778479917593
9882,126.77140708835518
9883,79.11739684266932
9884,197.40147906813414
9885,74.26765255099089
9886,232.6634859057869
9887,180.81434269030356
9888,153.34169416095517
9889,103.87019201650631
9890,116.1805584850275
9891,212.4596449795545
9892,224.6807491457185
9893,82.30844440092432
9894,107.83897300647662
9895,260.06955327349226
9896,122.17054177069471
9897,124.20674232343232
9898,102.30510029548229
9899,182.54727013252858
9900,164.82441852338889
9901,170.6726163693546
9902,103.9179968956561
9903,194.8864759862987
9904,84.98041712252706
9905,70.45912113282569
9906,105.81950039085356
9907,128.4852478681654
9908,248.83888573529202
9909,177.1685434610722
9910,74.99575948146253
9911,133.50724166622842
9912,153.15784035119393
9913,176.4674895563948
9914,107.05925465659412
9915,188.91236206410235
9916,150.0182801514528
9917,149.72135859265686
9918,138.16557913201467
9919,111.23866203784121
9920,128.02131563375787
9921,110.02984702324822
9922,98.89977693277746
9923,123.86025692048341
9924,155.39559033556793
9925,185.43979191799173
9926,105.48238488027226
9927,113.12646045574974
9928,199.88586198517174
9929,126.93689854968474
9930,104.06197396183097
9931,231.84128397037531
9932,81.45155072244467
9933,110.65738884979689
9934,132.19366125734317
9935,83.28399508514192
9936,69.46557850302591
9937,116.47538099952376
9938,162.95755104831298
9939,105.00311316486041
9940,190.68699997723945
9941,112.01323152820204
9942,75.83304790726542
9943,81.18855820870697
9944,126.45207560751066
9945,143.34635839512578
9946,134.54646572350902
9947,90.66137566095483
9948,68.2155788955676
9949,94.22817308883509
9950,66.62191512191497
9951,95.73030773634821
9952,104.84985998790367
9953,94.20774277192915
9954,223.63236342075436
9955,100.66053500267685
9956,75.63010716762638
9957,105.90292877893447
9958,305.00830917529356
9959,170.88162963311476
9960,104.36269037861541
9961,90.3419230847537
9962,320.9218874911787
9963,79.69453507670205
9964,94.06448749561537
9965,99.27986928662789
9966,206.98183100693615
9967,200.35868032663672
9968,211.74247400507187
9969,148.06873184133127
9970,170.92904292701743
9971,93.33843603714931
9972,330.00240635429515
9973,281.93080195066716
9974,121.73226205518174
9975,103.39909442155414
9976,101.17733669287935
9977,76.20978655624738
9978,97.84989347995565
9979,171.79216901194667
9980,161.28292125970694
9981,63.86005428151264
9982,133.0872013404162
9983,92.23654522697151
9984,142.46683615755794
9985,99.1172345272737
9986,124.9204644083323
9987,115.61980996351379
9988,78.69007367129348
9989,198.18244710984828
9990,105.04795070072109
9991,89.64108365844504
9992,104.73446260883385
9993,124.55299756306363
9994,102.09755767841042
9995,123.24825289834041
9996,99.47741447486823
9997,86.72792908308968
9998,93.38545505474967
9999,82.80905569694302
10000,112.10562871600246
